Issue category,Reported URL count,Actual URL count,Confirmed problematic URLs,Intentionally excluded URLs,Unverified findings,Priority,Recommended next action
Excluded by noindex (GSC Pages),UNVERIFIED — owner reported four category counts (160 / 40 / 3 / 1) but the GSC export (Coverage-Drilldown / Chart.csv) was not found anywhere on disk and the GSC API is not connected; the category-to-count mapping is not recoverable from this session,"230 live URLs serve noindex (complete crawl of the sitemap set + every internally linked page, 2026-10-09)","40 URLs gated by the undeployed P0 (5 area guides: banashankari, mahadevapura, madiwala, kr-puram, mg-road + 35 of their service×area pairs); noindex∩sitemap conflicts = 0",190 (23 unconfirmed area pages + 161 service×area pairs gated by src/lib/areas.ts areaRobots + 6 utility pages: /privacy /terms /map /auth /track-booking /sample-invoice),GSC's own noindex row list and count (export missing); per-URL GSC attribution,P1,Owner attaches the GSC export or connects GSC OAuth (docs/seo/36-gsc-oauth-2026-10-02.md); after the P0 deploy flip the 5 P0 slugs and URL-inspect them
Discovered — currently not indexed (GSC Pages),UNVERIFIED — owner reported four category counts (160 / 40 / 3 / 1) but the GSC export (Coverage-Drilldown / Chart.csv) was not found anywhere on disk and the GSC API is not connected; the category-to-count mapping is not recoverable from this session; 2026-09-29 baseline was ~70 (docs/seo/31),169 documented candidate URLs audited in 04-discovered-not-indexed-audit.csv (historic group rows + live verification 2026-10-09),"4 under-linked URLs confirmed: /ev-two-wheeler-service, /tvs-two-wheeler-service, /blog/car-ac-not-cooling-bangalore, /answers/warranty-service (4–6 linking pages of 479)","22 basic-tier area rows are noindex by design — GSC now classes them Excluded by noindex, not DNI (flagged in file 04)",Current GSC DNI status per URL (no API/export); exact live DNI membership,P1,Add contextual internal links to the 4 under-linked URLs; re-pull the export to confirm which rows remain DNI after the 2026-09-29 linking fixes
Crawled — currently not indexed (GSC Pages),not part of the reported set; 18 URLs in the 2026-09-29 baseline (docs/seo/31 §3a),18 documented rows (docs/seo/31 §3a); current status not re-verifiable without GSC,0 confirmed today (18 historical; includes /doorstep-bike-service/jayanagar shared-body finding),"3 basic-tier rows (panathur-road, kudlu-gate, gunjur) were noindex+sitemap conflicts — resolved by the 2026-09-29 sitemap hygiene (noindex∩sitemap = 0 now)",Current CNI status per URL (no API/export),P2,Re-check after the P0 deploy; keep the $service.$area content-differentiation fix as an owner decision
Page with redirect (GSC Pages),UNVERIFIED — owner reported four category counts (160 / 40 / 3 / 1) but the GSC export (Coverage-Drilldown / Chart.csv) was not found anywhere on disk and the GSC API is not connected; the category-to-count mapping is not recoverable from this session,"9 redirect behaviours measured live on 2026-10-09 (5 trailing-slash 307 patterns, 2 canonical-host 301s, /pricing 301, /answers/how-often-car-service 301)",1 defect class — trailing-slash variants answer 307 (temporary) instead of 301; affects every trailing-slash URL Google tries,"8 intentional permanent redirects: www→apex 301, http→https 301, /pricing→/bikes 301, /answers/how-often-car-service→/answers/car-service-interval 301 (all correct; 5 slash patterns are the defect, not intent)",The 3 GSC redirect rows themselves (which URLs) — export missing,P1,"Change trailing-slash normalisation to 301 in src/server.ts, then re-submit the sitemap (see 05-redirects-and-soft404.csv)"
Soft 404 (GSC Pages),UNVERIFIED — owner reported four category counts (160 / 40 / 3 / 1) but the GSC export (Coverage-Drilldown / Chart.csv) was not found anywhere on disk and the GSC API is not connected; the category-to-count mapping is not recoverable from this session,"0 soft-404 signatures confirmed in the live audit (404s found are honest 404s, e.g. /hebbal → 404)",0 confirmed,n/a,The 1 reported soft-404 row (which URL) — export missing; cannot be verified or refuted without it,P3,"Owner re-exports the row; inspect the URL, then either fix content or confirm Google's classification"
Production vs committed divergence (P0 not deployed),"n/a — internal finding, not a GSC category",11 rows measured in 06-live-vs-committed.csv,"Central: committed code ≠ deployed code (P0 content, 5 slugs' indexability, sitemap lastmod, ₹299 copy, uncommitted fix, workflow file — see file 06)",n/a,Deployment history (Cloudflare API HTTP 401; Worker version inferred from content fingerprints),P0,Owner approves deploy of HEAD 0735af2 + the 2 uncommitted copy files via .github/workflows/prod-deploy.yml — nothing was deployed by this audit
Live copy contradiction: doorstep surcharge / ₹299,n/a — content finding,1 URL live (/doorstep-bike-service),"1 — live page states ""There is no doorstep surcharge"" while the owner's 4-Oct decision (committed src/lib/pricing.ts VISITING_CHARGE=299) says ₹299 applies; 0× ""299"" on the live page",n/a,"Whether the working-tree fix (src/lib/services.ts, src/lib/answer-pages.ts, UNCOMMITTED) is approved for commit",P0,Commit the working-tree copy fix together with the P0 deploy
Trailing-slash normalisation uses 307 (technical),n/a — defect behind the redirect category,5 URL patterns tested live (2026-10-09): /blog/ /guides/ /bikes/ /franchise/ /motorcycle-service/indiranagar/ → all 307,5 tested patterns (the behaviour is site-wide),n/a,Whether Google's reported redirect rows are all trailing-slash variants (export missing),P1,301 instead of 307 in the normaliser; 307 tells Google the move is temporary so equity never consolidates
Sitemap hygiene (noindex ∩ sitemap),n/a — control check,"230 sitemap URLs, intersection with the noindex set = 0 (2026-10-09)",0 — healthy,n/a,None,OK / P3 monitor,No action; re-check after the P0 deploy adds the 5 P0 slugs
Sitemap technical baseline,n/a — control check,"230/230 HTTP 200, 0 duplicate URLs, 0 missing titles/H1s, 0 duplicate titles/H1s, self-canonical on all (prior stage of this same session)",0,n/a,"GA4/schema spot values were measured in the prior audit stage, not re-run after it",OK,No action; re-run scripts/validate-schema.py after the P0 deploy
