Original GSC issue,URL,HTTP status,Final URL after redirects,Page title,H1,Canonical URL,Meta robots,Sitemap inclusion,Internal-link status,Content-quality finding,Live-versus-committed discrepancy,Likely cause,Evidence,Confidence,Recommended action,Priority,Owner approval required,Evidence classification,Evidence notes
UNVERIFIED — owner-supplied cross-check URL; GSC issue row unavailable (export file not found),/answers,200,https://ridencare.co.in/answers,Bike & Car Service Answers — Bangalore | Ride N Care,"Bike & car service in Bangalore, answered",https://ridencare.co.in/answers,none (indexable),Yes,479 of 479 crawled pages link to it,3888 words SSR; title 52 chars; unique H1/title in the 2026-10-09 full-site crawl (0 duplicate titles/H1s); self-canonical,None detected — live status/robots/canonical/title match committed source (HEAD 0735af2); this URL is not a P0 slug,"UNVERIFIED — GSC row unavailable. Live signals healthy (200, self-canonical, robots=none (indexable), sitemap=Yes, inbound=479) so any non-indexing would be a discovery/crawl question, not a technical defect","Live 2026-10-09 (m2/audit.tsv row 1): HTTP 200, redirs=0, canonical=https://ridencare.co.in/answers, robots=none (indexable), in sitemap=Yes",High for live facts; GSC issue category UNVERIFIED,Re-check via GSC URL Inspection once the export/API is connected,P2,No,UNVERIFIED,URL OWNER_SUPPLIED as a cross-check example; the original GSC issue row was not preserved and the export was unrecovered (search 2026-10-09). Live columns in this row OBSERVED 2026-10-09 from saved HTML.
UNVERIFIED — owner-supplied cross-check URL; GSC issue row unavailable (export file not found),/answers/areas-covered,200,https://ridencare.co.in/answers/areas-covered,Which areas of Bangalore do you cover? | Ride N Care,Which areas of Bangalore do you cover?,https://ridencare.co.in/answers/areas-covered,none (indexable),Yes,479 of 479 crawled pages link to it,1459 words SSR; title 52 chars; unique H1/title in the 2026-10-09 full-site crawl (0 duplicate titles/H1s); self-canonical,None detected — live status/robots/canonical/title match committed source (HEAD 0735af2); this URL is not a P0 slug,"UNVERIFIED — GSC row unavailable. Live signals healthy (200, self-canonical, robots=none (indexable), sitemap=Yes, inbound=479) so any non-indexing would be a discovery/crawl question, not a technical defect","Live 2026-10-09 (m2/audit.tsv row 2): HTTP 200, redirs=0, canonical=https://ridencare.co.in/answers/areas-covered, robots=none (indexable), in sitemap=Yes",High for live facts; GSC issue category UNVERIFIED,Re-check via GSC URL Inspection once the export/API is connected,P2,No,UNVERIFIED,URL OWNER_SUPPLIED as a cross-check example; the original GSC issue row was not preserved and the export was unrecovered (search 2026-10-09). Live columns in this row OBSERVED 2026-10-09 from saved HTML.
UNVERIFIED — owner-supplied cross-check URL; GSC issue row unavailable (export file not found),/answers/genuine-parts,200,https://ridencare.co.in/answers/genuine-parts,Do you use genuine spare parts? | Ride N Care,Do you use genuine spare parts?,https://ridencare.co.in/answers/genuine-parts,none (indexable),Yes,49 of 479 crawled pages link to it,1249 words SSR; title 45 chars; unique H1/title in the 2026-10-09 full-site crawl (0 duplicate titles/H1s); self-canonical,None detected — live status/robots/canonical/title match committed source (HEAD 0735af2); this URL is not a P0 slug,"UNVERIFIED — GSC row unavailable. Live signals healthy (200, self-canonical, robots=none (indexable), sitemap=Yes, inbound=49) so any non-indexing would be a discovery/crawl question, not a technical defect","Live 2026-10-09 (m2/audit.tsv row 3): HTTP 200, redirs=0, canonical=https://ridencare.co.in/answers/genuine-parts, robots=none (indexable), in sitemap=Yes",High for live facts; GSC issue category UNVERIFIED,Re-check via GSC URL Inspection once the export/API is connected,P2,No,UNVERIFIED,URL OWNER_SUPPLIED as a cross-check example; the original GSC issue row was not preserved and the export was unrecovered (search 2026-10-09). Live columns in this row OBSERVED 2026-10-09 from saved HTML.
UNVERIFIED — owner-supplied cross-check URL; GSC issue row unavailable (export file not found),/answers/payment-options,200,https://ridencare.co.in/answers/payment-options,How do I pay for the service? | Ride N Care,How do I pay for the service?,https://ridencare.co.in/answers/payment-options,none (indexable),Yes,8 of 479 crawled pages link to it,1223 words SSR; title 43 chars; unique H1/title in the 2026-10-09 full-site crawl (0 duplicate titles/H1s); self-canonical,None detected — live status/robots/canonical/title match committed source (HEAD 0735af2); this URL is not a P0 slug,"UNVERIFIED — GSC row unavailable. Live signals healthy (200, self-canonical, robots=none (indexable), sitemap=Yes, inbound=8) so any non-indexing would be a discovery/crawl question, not a technical defect","Live 2026-10-09 (m2/audit.tsv row 4): HTTP 200, redirs=0, canonical=https://ridencare.co.in/answers/payment-options, robots=none (indexable), in sitemap=Yes",High for live facts; GSC issue category UNVERIFIED,Re-check via GSC URL Inspection once the export/API is connected,P2,No,UNVERIFIED,URL OWNER_SUPPLIED as a cross-check example; the original GSC issue row was not preserved and the export was unrecovered (search 2026-10-09). Live columns in this row OBSERVED 2026-10-09 from saved HTML.
Discovered — currently not indexed (owner-supplied cross-check),/answers/warranty-service,200,https://ridencare.co.in/answers/warranty-service,Will doorstep service void my bike's warranty? | Ride N Care,Will doorstep service void my bike's warranty?,https://ridencare.co.in/answers/warranty-service,none (indexable),Yes,5 of 479 crawled pages link to it — UNDER-LINKED (≤6),1330 words SSR; title 60 chars; unique H1/title in the 2026-10-09 full-site crawl (0 duplicate titles/H1s); self-canonical,None — page matches committed source; the P0 divergence affects only P0 slugs (not this URL),Very low internal-link mass (5 linking pages of 479) — classic Discovered–currently-not-indexed signature,"Live 2026-10-09: HTTP 200, indexable, in sitemap=Yes, inbound=5/479; prior audit record: ""4 of the supplied DNI URLs are under-linked (1–6)""",Medium (issue-category assignment inferred from the recorded under-link signature; GSC row itself unavailable),"Add contextual internal links (services hub, related answers, blog hub) and request indexing",P1,No,INFERRED,URL OWNER_SUPPLIED; DNI attribution INFERRED from the recorded 1-6 under-link signature (live-measured 2026-10-09); the exact mapping to the owner's original category list was not preserved; no export row.
UNVERIFIED — owner-supplied cross-check URL; GSC issue row unavailable (export file not found),/answers/written-quote,200,https://ridencare.co.in/answers/written-quote,Do you give a quote before starting work? | Ride N Care,Do you give a quote before starting work?,https://ridencare.co.in/answers/written-quote,none (indexable),Yes,10 of 479 crawled pages link to it,1289 words SSR; title 55 chars; unique H1/title in the 2026-10-09 full-site crawl (0 duplicate titles/H1s); self-canonical,None detected — live status/robots/canonical/title match committed source (HEAD 0735af2); this URL is not a P0 slug,"UNVERIFIED — GSC row unavailable. Live signals healthy (200, self-canonical, robots=none (indexable), sitemap=Yes, inbound=10) so any non-indexing would be a discovery/crawl question, not a technical defect","Live 2026-10-09 (m2/audit.tsv row 6): HTTP 200, redirs=0, canonical=https://ridencare.co.in/answers/written-quote, robots=none (indexable), in sitemap=Yes",High for live facts; GSC issue category UNVERIFIED,Re-check via GSC URL Inspection once the export/API is connected,P2,No,UNVERIFIED,URL OWNER_SUPPLIED as a cross-check example; the original GSC issue row was not preserved and the export was unrecovered (search 2026-10-09). Live columns in this row OBSERVED 2026-10-09 from saved HTML.
UNVERIFIED — owner-supplied cross-check URL; GSC issue row unavailable (export file not found),/areas,200,https://ridencare.co.in/areas,Service Areas in Bangalore | Ride N Care,Doorstep Service Areas in Bangalore,https://ridencare.co.in/areas,none (indexable),Yes,479 of 479 crawled pages link to it,1459 words SSR; title 40 chars; unique H1/title in the 2026-10-09 full-site crawl (0 duplicate titles/H1s); self-canonical,None detected — live status/robots/canonical/title match committed source (HEAD 0735af2); this URL is not a P0 slug,"UNVERIFIED — GSC row unavailable. Live signals healthy (200, self-canonical, robots=none (indexable), sitemap=Yes, inbound=479) so any non-indexing would be a discovery/crawl question, not a technical defect","Live 2026-10-09 (m2/audit.tsv row 7): HTTP 200, redirs=0, canonical=https://ridencare.co.in/areas, robots=none (indexable), in sitemap=Yes",High for live facts; GSC issue category UNVERIFIED,Re-check via GSC URL Inspection once the export/API is connected,P2,No,UNVERIFIED,URL OWNER_SUPPLIED as a cross-check example; the original GSC issue row was not preserved and the export was unrecovered (search 2026-10-09). Live columns in this row OBSERVED 2026-10-09 from saved HTML.
Excluded by noindex,/areas/bommanahalli,200,https://ridencare.co.in/areas/bommanahalli,"Bike & Car Service in Bommanahalli, Bangalore | Ride N Care","Bike & Car Service in Bommanahalli, Bangalore",https://ridencare.co.in/areas/bommanahalli,"noindex, follow",No,17 of 479 crawled pages link to it,1433 words SSR; title 59 chars; unique H1/title in the 2026-10-09 full-site crawl (0 duplicate titles/H1s); self-canonical; basic-tier template copy (no unique priority guide),None — live noindex matches committed areaRobots() policy for non-priority areas (areas.ts identical in HEAD and working tree),"Deliberate basic-tier content gate: src/lib/areas.ts areaRobots() = ""noindex, follow"" unless confirmed && tier === ""priority""","Live 2026-10-09: robots=""noindex, follow"", in sitemap=No (sitemap lists indexable areas only since the 2026-09-29 fix); code src/lib/areas.ts:185-187",High,"No change until content uplift / owner confirms priority tier, then flip tier and re-add to sitemap",P2,Yes,INFERRED,GSC category INFERRED from observed live meta robots (2026-10-09) — a live noindex response does not prove Google reports this URL under 'Excluded by noindex'. URL OWNER_SUPPLIED; no export row.
Excluded by noindex,/areas/choodasandra,200,https://ridencare.co.in/areas/choodasandra,"Bike & Car Service in Choodasandra, Bangalore | Ride N Care","Bike & Car Service in Choodasandra, Bangalore",https://ridencare.co.in/areas/choodasandra,"noindex, follow",No,13 of 479 crawled pages link to it,1421 words SSR; title 59 chars; unique H1/title in the 2026-10-09 full-site crawl (0 duplicate titles/H1s); self-canonical; basic-tier template copy (no unique priority guide),None — live noindex matches committed areaRobots() policy for non-priority areas (areas.ts identical in HEAD and working tree),"Deliberate basic-tier content gate: src/lib/areas.ts areaRobots() = ""noindex, follow"" unless confirmed && tier === ""priority""","Live 2026-10-09: robots=""noindex, follow"", in sitemap=No (sitemap lists indexable areas only since the 2026-09-29 fix); code src/lib/areas.ts:185-187",High,"No change until content uplift / owner confirms priority tier, then flip tier and re-add to sitemap",P2,Yes,INFERRED,GSC category INFERRED from observed live meta robots (2026-10-09) — a live noindex response does not prove Google reports this URL under 'Excluded by noindex'. URL OWNER_SUPPLIED; no export row.
Excluded by noindex,/areas/domlur,200,https://ridencare.co.in/areas/domlur,"Bike & Car Service in Domlur, Bangalore | Ride N Care","Bike & Car Service in Domlur, Bangalore",https://ridencare.co.in/areas/domlur,"noindex, follow",No,16 of 479 crawled pages link to it,1427 words SSR; title 53 chars; unique H1/title in the 2026-10-09 full-site crawl (0 duplicate titles/H1s); self-canonical; basic-tier template copy (no unique priority guide),None — live noindex matches committed areaRobots() policy for non-priority areas (areas.ts identical in HEAD and working tree),"Deliberate basic-tier content gate: src/lib/areas.ts areaRobots() = ""noindex, follow"" unless confirmed && tier === ""priority""","Live 2026-10-09: robots=""noindex, follow"", in sitemap=No (sitemap lists indexable areas only since the 2026-09-29 fix); code src/lib/areas.ts:185-187",High,"No change until content uplift / owner confirms priority tier, then flip tier and re-add to sitemap",P2,Yes,INFERRED,GSC category INFERRED from observed live meta robots (2026-10-09) — a live noindex response does not prove Google reports this URL under 'Excluded by noindex'. URL OWNER_SUPPLIED; no export row.
UNVERIFIED — owner-supplied cross-check URL; GSC issue row unavailable (export file not found),/areas/jp-nagar,200,https://ridencare.co.in/areas/jp-nagar,"Bike & Car Service in JP Nagar, Bangalore | Ride N Care","Bike & Car Service in JP Nagar, Bangalore",https://ridencare.co.in/areas/jp-nagar,none (indexable),Yes,36 of 479 crawled pages link to it,1391 words SSR; title 55 chars; unique H1/title in the 2026-10-09 full-site crawl (0 duplicate titles/H1s); self-canonical,None detected — live status/robots/canonical/title match committed source (HEAD 0735af2); this URL is not a P0 slug,"UNVERIFIED — GSC row unavailable. Live signals healthy (200, self-canonical, robots=none (indexable), sitemap=Yes, inbound=36) so any non-indexing would be a discovery/crawl question, not a technical defect","Live 2026-10-09 (m2/audit.tsv row 11): HTTP 200, redirs=0, canonical=https://ridencare.co.in/areas/jp-nagar, robots=none (indexable), in sitemap=Yes",High for live facts; GSC issue category UNVERIFIED,Re-check via GSC URL Inspection once the export/API is connected,P2,No,UNVERIFIED,URL OWNER_SUPPLIED as a cross-check example; the original GSC issue row was not preserved and the export was unrecovered (search 2026-10-09). Live columns in this row OBSERVED 2026-10-09 from saved HTML.
UNVERIFIED — owner-supplied cross-check URL; GSC issue row unavailable (export file not found),/bike-service/btm-layout,200,https://ridencare.co.in/bike-service/btm-layout,"Bike Service in BTM Layout, Bangalore | Ride N Care","Bike Service in BTM Layout, Bangalore",https://ridencare.co.in/bike-service/btm-layout,none (indexable),Yes,24 of 479 crawled pages link to it,2206 words SSR; title 51 chars; unique H1/title in the 2026-10-09 full-site crawl (0 duplicate titles/H1s); self-canonical,None detected — live status/robots/canonical/title match committed source (HEAD 0735af2); this URL is not a P0 slug,"UNVERIFIED — GSC row unavailable. Live signals healthy (200, self-canonical, robots=none (indexable), sitemap=Yes, inbound=24) so any non-indexing would be a discovery/crawl question, not a technical defect","Live 2026-10-09 (m2/audit.tsv row 12): HTTP 200, redirs=0, canonical=https://ridencare.co.in/bike-service/btm-layout, robots=none (indexable), in sitemap=Yes",High for live facts; GSC issue category UNVERIFIED,Re-check via GSC URL Inspection once the export/API is connected,P2,No,UNVERIFIED,URL OWNER_SUPPLIED as a cross-check example; the original GSC issue row was not preserved and the export was unrecovered (search 2026-10-09). Live columns in this row OBSERVED 2026-10-09 from saved HTML.
UNVERIFIED — owner-supplied cross-check URL; GSC issue row unavailable (export file not found),/bike-service/jp-nagar,200,https://ridencare.co.in/bike-service/jp-nagar,"Bike Service in JP Nagar, Bangalore | Ride N Care","Bike Service in JP Nagar, Bangalore",https://ridencare.co.in/bike-service/jp-nagar,none (indexable),Yes,18 of 479 crawled pages link to it,2198 words SSR; title 49 chars; unique H1/title in the 2026-10-09 full-site crawl (0 duplicate titles/H1s); self-canonical,None detected — live status/robots/canonical/title match committed source (HEAD 0735af2); this URL is not a P0 slug,"UNVERIFIED — GSC row unavailable. Live signals healthy (200, self-canonical, robots=none (indexable), sitemap=Yes, inbound=18) so any non-indexing would be a discovery/crawl question, not a technical defect","Live 2026-10-09 (m2/audit.tsv row 13): HTTP 200, redirs=0, canonical=https://ridencare.co.in/bike-service/jp-nagar, robots=none (indexable), in sitemap=Yes",High for live facts; GSC issue category UNVERIFIED,Re-check via GSC URL Inspection once the export/API is connected,P2,No,UNVERIFIED,URL OWNER_SUPPLIED as a cross-check example; the original GSC issue row was not preserved and the export was unrecovered (search 2026-10-09). Live columns in this row OBSERVED 2026-10-09 from saved HTML.
Discovered — currently not indexed (owner-supplied cross-check),/blog/car-ac-not-cooling-bangalore,200,https://ridencare.co.in/blog/car-ac-not-cooling-bangalore,Why Your Car AC Stops Cooling in Bangalore (and How to Fi...,Why Your Car AC Stops Cooling in Bangalore (and How to Fix It),https://ridencare.co.in/blog/car-ac-not-cooling-bangalore,none (indexable),Yes,4 of 479 crawled pages link to it — UNDER-LINKED (≤6),1799 words SSR; title 60 chars; unique H1/title in the 2026-10-09 full-site crawl (0 duplicate titles/H1s); self-canonical,None — page matches committed source; the P0 divergence affects only P0 slugs (not this URL),Very low internal-link mass (4 linking pages of 479) — classic Discovered–currently-not-indexed signature,"Live 2026-10-09: HTTP 200, indexable, in sitemap=Yes, inbound=4/479; prior audit record: ""4 of the supplied DNI URLs are under-linked (1–6)""",Medium (issue-category assignment inferred from the recorded under-link signature; GSC row itself unavailable),"Add contextual internal links (services hub, related answers, blog hub) and request indexing",P1,No,INFERRED,URL OWNER_SUPPLIED; DNI attribution INFERRED from the recorded 1-6 under-link signature (live-measured 2026-10-09); the exact mapping to the owner's original category list was not preserved; no export row.
UNVERIFIED — owner-supplied cross-check URL; GSC issue row unavailable (export file not found),/blog/monsoon-bike-care-bangalore,200,https://ridencare.co.in/blog/monsoon-bike-care-bangalore,Monsoon Bike Care: 9 Things Every Bangalore Rider Must Do,Monsoon Bike Care: 9 Things Every Bangalore Rider Must Do,https://ridencare.co.in/blog/monsoon-bike-care-bangalore,none (indexable),Yes,12 of 479 crawled pages link to it,1855 words SSR; title 57 chars; unique H1/title in the 2026-10-09 full-site crawl (0 duplicate titles/H1s); self-canonical,None detected — live status/robots/canonical/title match committed source (HEAD 0735af2); this URL is not a P0 slug,"UNVERIFIED — GSC row unavailable. Live signals healthy (200, self-canonical, robots=none (indexable), sitemap=Yes, inbound=12) so any non-indexing would be a discovery/crawl question, not a technical defect","Live 2026-10-09 (m2/audit.tsv row 15): HTTP 200, redirs=0, canonical=https://ridencare.co.in/blog/monsoon-bike-care-bangalore, robots=none (indexable), in sitemap=Yes",High for live facts; GSC issue category UNVERIFIED,Re-check via GSC URL Inspection once the export/API is connected,P2,No,UNVERIFIED,URL OWNER_SUPPLIED as a cross-check example; the original GSC issue row was not preserved and the export was unrecovered (search 2026-10-09). Live columns in this row OBSERVED 2026-10-09 from saved HTML.
UNVERIFIED — owner-supplied cross-check URL; GSC issue row unavailable (export file not found),/doorstep-bike-repair,200,https://ridencare.co.in/doorstep-bike-repair,Doorstep Bike Repair in Bangalore | Ride N Care,Doorstep Bike Repair in Bangalore,https://ridencare.co.in/doorstep-bike-repair,none (indexable),Yes,479 of 479 crawled pages link to it,2013 words SSR; title 47 chars; unique H1/title in the 2026-10-09 full-site crawl (0 duplicate titles/H1s); self-canonical,None detected — live status/robots/canonical/title match committed source (HEAD 0735af2); this URL is not a P0 slug,"UNVERIFIED — GSC row unavailable. Live signals healthy (200, self-canonical, robots=none (indexable), sitemap=Yes, inbound=479) so any non-indexing would be a discovery/crawl question, not a technical defect","Live 2026-10-09 (m2/audit.tsv row 16): HTTP 200, redirs=0, canonical=https://ridencare.co.in/doorstep-bike-repair, robots=none (indexable), in sitemap=Yes",High for live facts; GSC issue category UNVERIFIED,Re-check via GSC URL Inspection once the export/API is connected,P2,No,UNVERIFIED,URL OWNER_SUPPLIED as a cross-check example; the original GSC issue row was not preserved and the export was unrecovered (search 2026-10-09). Live columns in this row OBSERVED 2026-10-09 from saved HTML.
UNVERIFIED — owner-supplied cross-check URL; GSC issue row unavailable (export file not found),/doorstep-bike-service,200,https://ridencare.co.in/doorstep-bike-service,Doorstep Bike Service in Bangalore | Ride N Care,Doorstep Bike Service in Bangalore,https://ridencare.co.in/doorstep-bike-service,none (indexable),Yes,479 of 479 crawled pages link to it,2988 words SSR; title 48 chars; unique H1/title in the 2026-10-09 full-site crawl (0 duplicate titles/H1s); self-canonical,"YES — live copy says ""There is no doorstep surcharge""; committed HEAD 0735af2 defines VISITING_CHARGE=299 (src/lib/pricing.ts) and the correcting copy exists only as an UNCOMMITTED working-tree change in src/lib/services.ts; live shows 0× ""299""",P0 pricing decision not deployed (production runs a pre-P0 build); committed copy stays contradictory until the working-tree fix is committed,"Live 2026-10-09: HTTP 200, 0× ""299""; git show HEAD:src/lib/pricing.ts → VISITING_CHARGE = 299; git diff shows uncommitted fix",High,Commit the working-tree copy fix and deploy HEAD (P0); re-verify live copy after deploy,P0,Yes,UNVERIFIED,URL OWNER_SUPPLIED as a cross-check example; the original GSC issue row was not preserved and the export was unrecovered (search 2026-10-09). Live columns in this row OBSERVED 2026-10-09 from saved HTML.
Discovered — currently not indexed (owner-supplied cross-check),/ev-two-wheeler-service,200,https://ridencare.co.in/ev-two-wheeler-service,EV Two-Wheeler Service at Home in Bangalore | Ride N Care,EV & Electric Scooter Service at Home in Bangalore,https://ridencare.co.in/ev-two-wheeler-service,none (indexable),Yes,4 of 479 crawled pages link to it — UNDER-LINKED (≤6),1596 words SSR; title 57 chars; unique H1/title in the 2026-10-09 full-site crawl (0 duplicate titles/H1s); self-canonical,None — page matches committed source; the P0 divergence affects only P0 slugs (not this URL),Very low internal-link mass (4 linking pages of 479) — classic Discovered–currently-not-indexed signature,"Live 2026-10-09: HTTP 200, indexable, in sitemap=Yes, inbound=4/479; prior audit record: ""4 of the supplied DNI URLs are under-linked (1–6)""",Medium (issue-category assignment inferred from the recorded under-link signature; GSC row itself unavailable),"Add contextual internal links (services hub, related answers, blog hub) and request indexing",P1,No,INFERRED,URL OWNER_SUPPLIED; DNI attribution INFERRED from the recorded 1-6 under-link signature (live-measured 2026-10-09); the exact mapping to the owner's original category list was not preserved; no export row.
UNVERIFIED — owner-supplied cross-check URL; GSC issue row unavailable (export file not found),/guides/common-bike-problems-and-solutions,200,https://ridencare.co.in/guides/common-bike-problems-and-solutions,Common Bike Problems and Solutions | Ride N Care Bangalore,Common Bike Problems and Solutions,https://ridencare.co.in/guides/common-bike-problems-and-solutions,none (indexable),Yes,21 of 479 crawled pages link to it,2091 words SSR; title 58 chars; unique H1/title in the 2026-10-09 full-site crawl (0 duplicate titles/H1s); self-canonical,None detected — live status/robots/canonical/title match committed source (HEAD 0735af2); this URL is not a P0 slug,"UNVERIFIED — GSC row unavailable. Live signals healthy (200, self-canonical, robots=none (indexable), sitemap=Yes, inbound=21) so any non-indexing would be a discovery/crawl question, not a technical defect","Live 2026-10-09 (m2/audit.tsv row 19): HTTP 200, redirs=0, canonical=https://ridencare.co.in/guides/common-bike-problems-and-solutions, robots=none (indexable), in sitemap=Yes",High for live facts; GSC issue category UNVERIFIED,Re-check via GSC URL Inspection once the export/API is connected,P2,No,UNVERIFIED,URL OWNER_SUPPLIED as a cross-check example; the original GSC issue row was not preserved and the export was unrecovered (search 2026-10-09). Live columns in this row OBSERVED 2026-10-09 from saved HTML.
UNVERIFIED — owner-supplied cross-check URL; GSC issue row unavailable (export file not found),/guides/when-to-service-your-bike,200,https://ridencare.co.in/guides/when-to-service-your-bike,When Should You Service Your Bike? | Ride N Care Bangalore,When Should You Service Your Bike?,https://ridencare.co.in/guides/when-to-service-your-bike,none (indexable),Yes,18 of 479 crawled pages link to it,1757 words SSR; title 58 chars; unique H1/title in the 2026-10-09 full-site crawl (0 duplicate titles/H1s); self-canonical,None detected — live status/robots/canonical/title match committed source (HEAD 0735af2); this URL is not a P0 slug,"UNVERIFIED — GSC row unavailable. Live signals healthy (200, self-canonical, robots=none (indexable), sitemap=Yes, inbound=18) so any non-indexing would be a discovery/crawl question, not a technical defect","Live 2026-10-09 (m2/audit.tsv row 20): HTTP 200, redirs=0, canonical=https://ridencare.co.in/guides/when-to-service-your-bike, robots=none (indexable), in sitemap=Yes",High for live facts; GSC issue category UNVERIFIED,Re-check via GSC URL Inspection once the export/API is connected,P2,No,UNVERIFIED,URL OWNER_SUPPLIED as a cross-check example; the original GSC issue row was not preserved and the export was unrecovered (search 2026-10-09). Live columns in this row OBSERVED 2026-10-09 from saved HTML.
UNVERIFIED — owner-supplied cross-check URL; GSC issue row unavailable (export file not found),/motorcycle-service,200,https://ridencare.co.in/motorcycle-service,Motorcycle Service in Bangalore | Ride N Care,Motorcycle Service in Bangalore — Commuter to Superbike,https://ridencare.co.in/motorcycle-service,none (indexable),Yes,52 of 479 crawled pages link to it,1991 words SSR; title 45 chars; unique H1/title in the 2026-10-09 full-site crawl (0 duplicate titles/H1s); self-canonical,None detected — live status/robots/canonical/title match committed source (HEAD 0735af2); this URL is not a P0 slug,"UNVERIFIED — GSC row unavailable. Live signals healthy (200, self-canonical, robots=none (indexable), sitemap=Yes, inbound=52) so any non-indexing would be a discovery/crawl question, not a technical defect","Live 2026-10-09 (m2/audit.tsv row 21): HTTP 200, redirs=0, canonical=https://ridencare.co.in/motorcycle-service, robots=none (indexable), in sitemap=Yes",High for live facts; GSC issue category UNVERIFIED,Re-check via GSC URL Inspection once the export/API is connected,P2,No,UNVERIFIED,URL OWNER_SUPPLIED as a cross-check example; the original GSC issue row was not preserved and the export was unrecovered (search 2026-10-09). Live columns in this row OBSERVED 2026-10-09 from saved HTML.
Discovered — currently not indexed (owner-supplied cross-check),/tvs-two-wheeler-service,200,https://ridencare.co.in/tvs-two-wheeler-service,TVS Two-Wheeler Service at Home in Bangalore | Ride N Care,TVS Two-Wheeler Service at Home in Bangalore,https://ridencare.co.in/tvs-two-wheeler-service,none (indexable),Yes,6 of 479 crawled pages link to it — UNDER-LINKED (≤6),2611 words SSR; title 58 chars; unique H1/title in the 2026-10-09 full-site crawl (0 duplicate titles/H1s); self-canonical,None — page matches committed source; the P0 divergence affects only P0 slugs (not this URL),Very low internal-link mass (6 linking pages of 479) — classic Discovered–currently-not-indexed signature,"Live 2026-10-09: HTTP 200, indexable, in sitemap=Yes, inbound=6/479; prior audit record: ""4 of the supplied DNI URLs are under-linked (1–6)""",Medium (issue-category assignment inferred from the recorded under-link signature; GSC row itself unavailable),"Add contextual internal links (services hub, related answers, blog hub) and request indexing",P1,No,INFERRED,URL OWNER_SUPPLIED; DNI attribution INFERRED from the recorded 1-6 under-link signature (live-measured 2026-10-09); the exact mapping to the owner's original category list was not preserved; no export row.
Page with redirect,/blog/,200,https://ridencare.co.in/blog,Blog — Ride N Care | Bike & Car Care Tips,The Ride N Care Blog,https://ridencare.co.in/blog,none (indexable),No,479 of 479 crawled pages link to /blog (the slash variant itself: 0),2410 words SSR; title 41 chars; unique H1/title in the 2026-10-09 full-site crawl (0 duplicate titles/H1s); self-canonical,None — live 307 matches committed trailing-slash normalisation (same in HEAD),Trailing-slash variant normalised with HTTP 307 (temporary) instead of 301 (permanent),"Live 2026-10-09: GET /blog/ → 307 Location: /blog; audit.tsv row 23: redirs=1, final canonical=https://ridencare.co.in/blog",High,Change normaliser to 301 in src/server.ts / route handlers; then GSC redirect rows clear after recrawl,P1,No,INFERRED,"307 redirect OBSERVED live 2026-10-09 (Location header captured); GSC 'Page with redirect' attribution INFERRED, no export row. URL OWNER_SUPPLIED."
Page with redirect,/guides/,200,https://ridencare.co.in/guides,Bike Maintenance Guides for Bangalore | Ride N Care,Bike maintenance & service guides,https://ridencare.co.in/guides,none (indexable),No,479 of 479 crawled pages link to /guides (the slash variant itself: 0),1172 words SSR; title 51 chars; unique H1/title in the 2026-10-09 full-site crawl (0 duplicate titles/H1s); self-canonical,None — live 307 matches committed trailing-slash normalisation (same in HEAD),Trailing-slash variant normalised with HTTP 307 (temporary) instead of 301 (permanent),"Live 2026-10-09: GET /guides/ → 307 Location: /guides; audit.tsv row 24: redirs=1, final canonical=https://ridencare.co.in/guides",High,Change normaliser to 301 in src/server.ts / route handlers; then GSC redirect rows clear after recrawl,P1,No,INFERRED,"307 redirect OBSERVED live 2026-10-09 (Location header captured); GSC 'Page with redirect' attribution INFERRED, no export row. URL OWNER_SUPPLIED."
UNVERIFIED — owner-supplied cross-check URL; GSC issue row unavailable (export file not found),/franchise,200,https://ridencare.co.in/franchise,Ride N Care Franchise — Doorstep Service Partnership,Own a Ride N Care franchise in your city,https://ridencare.co.in/franchise,none (indexable),Yes,479 of 479 crawled pages link to it,1415 words SSR; title 52 chars; unique H1/title in the 2026-10-09 full-site crawl (0 duplicate titles/H1s); self-canonical,None detected — live status/robots/canonical/title match committed source (HEAD 0735af2); this URL is not a P0 slug,"UNVERIFIED — GSC row unavailable. Live signals healthy (200, self-canonical, robots=none (indexable), sitemap=Yes, inbound=479) so any non-indexing would be a discovery/crawl question, not a technical defect","Live 2026-10-09 (m2/audit.tsv row 25): HTTP 200, redirs=0, canonical=https://ridencare.co.in/franchise, robots=none (indexable), in sitemap=Yes",High for live facts; GSC issue category UNVERIFIED,Re-check via GSC URL Inspection once the export/API is connected,P2,No,UNVERIFIED,URL OWNER_SUPPLIED as a cross-check example; the original GSC issue row was not preserved and the export was unrecovered (search 2026-10-09). Live columns in this row OBSERVED 2026-10-09 from saved HTML.
