Original URL,Issue category,Redirect chain,Final destination,HTTP status,Whether the behavior is intentional,Recommended action
https://ridencare.co.in/blog/,Page with redirect (trailing slash),"307 → /blog (relative Location, 1 hop)",https://ridencare.co.in/blog,307,Normalisation intent is intentional; the 307 status is NOT — a temporary status tells Google the move may be undone,Serve 301 (permanent) for trailing-slash normalisation in src/server.ts
https://ridencare.co.in/guides/,Page with redirect (trailing slash),307 → /guides (1 hop),https://ridencare.co.in/guides,307,"Same — intentional normalisation, wrong status code",Change to 301
https://ridencare.co.in/bikes/,Page with redirect (trailing slash),307 → /bikes (1 hop),https://ridencare.co.in/bikes,307,Same,Change to 301
https://ridencare.co.in/franchise/,Page with redirect (trailing slash),307 → /franchise (1 hop),https://ridencare.co.in/franchise,307,Same,Change to 301
https://ridencare.co.in/motorcycle-service/indiranagar/,Page with redirect (trailing slash — GSC-style row),307 → /motorcycle-service/indiranagar (1 hop),https://ridencare.co.in/motorcycle-service/indiranagar,307,Same; this pattern affects every trailing-slash variant Google tries (whole-site class),Change to 301 site-wide; GSC redirect rows should clear after recrawl
https://www.ridencare.co.in/,Canonical host redirect,301 → https://ridencare.co.in/ (path+query preserved),https://ridencare.co.in/,301,"Yes — intentional, correct permanent redirect (src/server.ts canonicalHostRedirect)",No change (verified live 2026-10-09)
http://ridencare.co.in/,Canonical scheme redirect,301 → https://ridencare.co.in/ (path+query preserved),https://ridencare.co.in/,301,"Yes — intentional, correct",No change (verified live 2026-10-09)
https://ridencare.co.in/pricing,Retired page redirect,301 → https://ridencare.co.in/bikes (1 hop),https://ridencare.co.in/bikes,301,Yes — intentional retirement of the standalone pricing page (src/routes/pricing.ts),No change (verified live 2026-10-09)
https://ridencare.co.in/answers/how-often-car-service,Cannibalisation consolidation redirect,301 → https://ridencare.co.in/answers/car-service-interval (1 hop),https://ridencare.co.in/answers/car-service-interval,301,Yes — intentional Batch-4 consolidation (src/server.ts CANONICAL_PATHS),No change (verified live 2026-10-09); GSC may keep showing the historic row until recrawl
UNVERIFIED — the reported soft-404 row,Soft 404,UNVERIFIED — export file not found on disk,UNVERIFIED,UNVERIFIED,UNVERIFIED — cannot classify without the GSC row,Owner re-exports the row; the audit found no soft-404 signature (200-with-thin-content) on any crawled page on 2026-10-09
