URL or setting,Expected committed behavior,Actual production behavior,Difference,Evidence,Risk,Recommended action,Evidence classification,Evidence notes
/areas/hebbal (content) + the 17 PRIORITY_AREA_SLUGS guides,"HEAD 0735af2 src/lib/area-content.ts serves detailed P0 guide copy (Hebbal intro contains ""45-Day Warranty (On eligible repairs)"" and ""₹299 visiting charge on its own line"")","Live renders a generic 843-word area page: 0× ""45-Day"", 0× ""299"" in the HTML",Committed P0 content is not deployed (production runs a pre-P0 build),"git show HEAD:src/lib/area-content.ts (hebbal entry present, 10 guide entries) vs live fetch 2026-10-09: 0 hits; prior stage measured 0/6 P0 intro strings live",P0 SEO work produces no live benefit; GSC keeps seeing old content,Owner-approved deploy of HEAD (manual workflow .github/workflows/prod-deploy.yml),SOURCE_CODE_VERIFIED,Compared git HEAD 0735af2 (+ working tree) against live fetches 2026-10-09; the live side is LIVE_HTTP_VERIFIED. Deploy/Worker version INFERRED (Cloudflare API read: HTTP 401).
5 P0 slugs: /areas/kr-puram /areas/mahadevapura /areas/madiwala /areas/banashankari /areas/mg-road,"HEAD src/lib/areas.ts: tier=""priority"" (+confirmed semantics) → isAreaIndexed=true → robots indexable AND listed in sitemap","Live: all 5 serve ""noindex, follow"" and are absent from the 230-URL sitemap",Indexability + sitemap inclusion diverge for all 5 URLs,"git show HEAD:src/lib/areas.ts (tier: ""priority"" ×5; isAreaIndexed at :185-187) vs live 2026-10-09: rows in 03-noindex-audit.csv; sitemap membership 0/5",P0 pages can never be indexed while production serves the pre-P0 build,"Deploy HEAD, resubmit sitemap in GSC, URL-inspect the 5 URLs",SOURCE_CODE_VERIFIED,Compared git HEAD 0735af2 (+ working tree) against live fetches 2026-10-09; the live side is LIVE_HTTP_VERIFIED. Deploy/Worker version INFERRED (Cloudflare API read: HTTP 401).
sitemap.xml lastmod for area URLs,HEAD LASTMOD.areas = 2026-10-05 would emit <lastmod>2026-10-05</lastmod> for area pages,Live sitemap (sha256 e7b7cc13…) emits <lastmod>2026-09-20</lastmod> for /areas/hebbal; byte-identical to the 2026-10-08 capture,Stale lastmod — Google sees no content-change signal,"git show HEAD:'src/routes/sitemap[.]xml.ts' → LASTMOD.areas ""2026-10-05"" vs live sitemap.xml 2026-10-09",Recrawl priority stays low; updated P0 content may not be re-fetched promptly,Fixed by the same deploy; then resubmit sitemap,SOURCE_CODE_VERIFIED,Compared git HEAD 0735af2 (+ working tree) against live fetches 2026-10-09; the live side is LIVE_HTTP_VERIFIED. Deploy/Worker version INFERRED (Cloudflare API read: HTTP 401).
/doorstep-bike-service (pricing copy),Owner decision 4-Oct-2026: flat ₹299 visiting charge (committed src/lib/pricing.ts VISITING_CHARGE = 299); corrected copy exists only in the UNCOMMITTED working tree (src/lib/services.ts),"Live states: ""There is no doorstep surcharge — you pay the same package price as the workshop."" (0× ""299"")",Live copy contradicts the owner's pricing policy; neither HEAD nor working tree is deployed,"live fetch 2026-10-09 (0× ""299""); git show HEAD:src/lib/pricing.ts → VISITING_CHARGE = 299; git diff shows the uncommitted fix",Customers are told there is no surcharge while quotes will add ₹299 — trust exposure; answer pages repeat the claim,"Commit the working-tree services.ts/answer-pages.ts fix, deploy, then re-verify copy live",SOURCE_CODE_VERIFIED,Compared git HEAD 0735af2 (+ working tree) against live fetches 2026-10-09; the live side is LIVE_HTTP_VERIFIED. Deploy/Worker version INFERRED (Cloudflare API read: HTTP 401).
src/lib/services.ts + src/lib/answer-pages.ts (working tree),"Committed state = old ""no doorstep surcharge"" copy; the ₹299 correction lives only in the working tree (2 files, +5/−2)",Production serves neither version (pre-P0 build); repo carries 12 modified files + 1 untracked workflow (all preserved untouched by this audit),Approved-looking work sits outside version control,"git status 2026-10-09: M src/lib/services.ts, M src/lib/answer-pages.ts (+10 preview PNGs), ?? .github/workflows/prod-deploy.yml; HEAD == origin/main == 0735af2",Work could be lost or drift; deploy pipeline absent from repo history,Owner reviews and commits these files together with the deploy (Freebuff Changes panel owns commits),SOURCE_CODE_VERIFIED,Compared git HEAD 0735af2 (+ working tree) against live fetches 2026-10-09; the live side is LIVE_HTTP_VERIFIED. Deploy/Worker version INFERRED (Cloudflare API read: HTTP 401).
Deploy pipeline: .github/workflows/prod-deploy.yml,Tracked in the repository as the sanctioned manual deploy path (validation gates + upload + deploy),Untracked (?? status) — GitHub has no deploy workflow; production changes only via local wrangler deploys,Repo divergence: the validated workflow from the previous stage was never committed (per instruction),"git status 2026-10-09: untracked, 314 lines; prod-build.yml is tracked but build-only (cannot deploy)",No auditable deploy path; repeats the silent-stale-production problem,Owner commits the workflow (after review) before the next deploy,SOURCE_CODE_VERIFIED,Compared git HEAD 0735af2 (+ working tree) against live fetches 2026-10-09; the live side is LIVE_HTTP_VERIFIED. Deploy/Worker version INFERRED (Cloudflare API read: HTTP 401).
45-Day warranty phrasing,"HEAD: ""45-Day Warranty (On eligible repairs)"" in area-content.ts (×13), TrustPoints.tsx, index.tsx (×2)","Live /areas/hebbal: 0 hits; live /doorstep-bike-service: only an older ""45-Day Service Warranty"" link to /guarantee",Committed P0 warranty phrasing absent from live P0 pages,git grep '45-Day Warranty' HEAD -- src vs live HTML greps 2026-10-09,Messaging inconsistency between committed policy and live pages,Covered by the same P0 deploy,SOURCE_CODE_VERIFIED,Compared git HEAD 0735af2 (+ working tree) against live fetches 2026-10-09; the live side is LIVE_HTTP_VERIFIED. Deploy/Worker version INFERRED (Cloudflare API read: HTTP 401).
Trailing-slash URL normalisation,HEAD code normalises slash variants — status 307 in the committed implementation,Live: 307 on all 5 tested slash variants,None (live matches committed) — but the committed behaviour itself is the defect (should be 301),live 2026-10-09: /blog/ /guides/ /bikes/ /franchise/ /motorcycle-service/indiranagar/ → 307; docs/seo/31 §2 records 307,Google treats moves as temporary; equity never consolidates; GSC keeps reporting redirect rows,Change to 301 in src/server.ts — code change + deploy (owner-approved stage),SOURCE_CODE_VERIFIED,Live behaviour OBSERVED 2026-10-09 matches the committed implementation (both 307) — SOURCE_CODE_VERIFIED for the comparison; the 301 recommendation is pending a code-change stage.
/privacy and /terms robots meta,"HEAD: noindex,follow with [OWNER TO REVIEW] placeholders (docs/seo/STATE.md Part 2)","Live: noindex, follow (verified 2026-10-09) — placeholders still present",None — intentionally excluded until the owner approves copy,live robots meta 2026-10-09; docs/seo/31 §5,Legal pages not indexable (acceptable) — approvals outstanding since 2026-09-19,"Owner completes copy review (OWNER-QUESTIONS), then flip to indexable",SOURCE_CODE_VERIFIED,Compared git HEAD 0735af2 (+ working tree) against live fetches 2026-10-09; the live side is LIVE_HTTP_VERIFIED. Deploy/Worker version INFERRED (Cloudflare API read: HTTP 401).
/guarantee indexability,"docs/seo/STATE.md Part 9.3 records /guarantee as noindex,nofollow until owner confirms the terms",Live: indexable (no robots meta) AND listed in the sitemap,Live state diverges from the documented noindex intent — intent UNVERIFIED (may have been flipped in a later deploy),live 2026-10-09: no robots meta on the sitemap crawl of /guarantee; STATE.md Part 9.3,A terms page with draft wording could be indexable without the recorded owner sign-off,Owner confirms the terms copy is final; update STATE.md either way,LIVE_HTTP_VERIFIED,"Live state OBSERVED 2026-10-09 (no robots meta, listed in sitemap). Documented noindex intent = HISTORICAL_BASELINE (docs/seo/STATE.md Part 9.3); whether a deliberate flip occurred = UNVERIFIED."
Production deployment state (Worker),"A deploy of HEAD 0735af2 (P0 content, ₹299, 2026-10-05 lastmods)",Production serves a pre-P0 build: sitemap sha256 e7b7cc13… byte-identical to the 2026-10-08 capture; 0/5 P0 slugs,Committed code ≠ deployed code — the central P0-1 finding,Cloudflare API returned HTTP 401 (no read access); Worker version inferred from content fingerprints 2026-10-09,Every P0 SEO action taken in the repo has had zero live effect,"Deploy, then re-run this comparison to confirm convergence",INFERRED,Deployment state INFERRED from content fingerprints (sitemap sha256 e7b7cc13 byte-identical to the 2026-10-08 capture; 0/5 P0 slugs live). Cloudflare API read returned HTTP 401 — no direct deploy history.
