Priority,Issue,Affected URLs,Root cause,Exact file or route to change,Proposed fix,Risk,Required tests,Owner approval required,Evidence classification,Evidence notes
P0,Committed P0 work (and the ₹299 copy fix) is not deployed — production runs a pre-P0 build,All 230 sitemap URLs (content freshness); the 5 P0 slugs: /areas/kr-puram /areas/mahadevapura /areas/madiwala /areas/banashankari /areas/mg-road; /doorstep-bike-service copy,No sanctioned deploy has run since 0735af2; a successful build was mistaken for deployment,"Deploy: .github/workflows/prod-deploy.yml (untracked, manual); source = HEAD 0735af2 + uncommitted src/lib/services.ts + src/lib/answer-pages.ts","Commit the 2 uncommitted copy files + the workflow (Freebuff Changes panel), trigger the manual workflow, then verify live fingerprints (P0 strings, ₹299, lastmod 2026-10-05, 5 slugs in sitemap)",Low — workflow is validation-gated and manual-only; the standing risk is stale production,"Post-deploy: sitemap greps (lastmod, 5 slugs), P0 string grep on live pages, scripts/validate-schema.py, 25-URL status spot-check",Yes,SOURCE_CODE_VERIFIED,"git HEAD vs live 2026-10-09 (P0 strings, 5 slugs, lastmod); Worker version INFERRED (Cloudflare API HTTP 401)."
P0,Live copy contradicts the owner's ₹299 visiting-charge decision,/doorstep-bike-service (and /answers pages repeating the claim),"Working-tree fix not committed; live says ""There is no doorstep surcharge""",src/lib/services.ts (pricing string) + src/lib/answer-pages.ts (FAQ row) — commit the working-tree versions,Commit + deploy together with P0-1; live copy then shows the ₹299 line,Low — copy-only change already written in the working tree,"Live grep: ""visiting charge"" present, ""no doorstep surcharge"" absent, ₹299 present",Yes,LIVE_HTTP_VERIFIED,Live page OBSERVED 2026-10-09; committed pricing SOURCE_CODE_VERIFIED (HEAD pricing.ts).
P1,Trailing-slash normalisation uses 307 (temporary) instead of 301 (permanent),Every trailing-slash variant (measured: /blog/ /guides/ /bikes/ /franchise/ /motorcycle-service/indiranagar/),Server/router issues 307 when stripping the trailing slash,src/server.ts (normalisation) and any route-level trailing-slash handlers,Serve 301 with an absolute Location for all slash-normalisation redirects,Low — status-code change only; confirm nothing depends on 307 semantics,"curl: each slash variant → 301, single hop; bun tsc -b --noEmit + build; post-deploy GSC redirect rows decline",No,LIVE_HTTP_VERIFIED,Observed live 2026-10-09 on 5 slash variants with captured headers; committed code implements 307 (SOURCE_CODE_VERIFIED).
P1,"GSC export rows (160/40/3/1) cannot be reconciled — export file missing, API not connected","All four GSC categories (noindex, DNI, redirect, soft 404)",Export never saved into the workspace; GSC API needs OAuth client credentials (docs/seo/36-gsc-oauth-2026-10-02.md),"No code change — owner action: attach the export zip, or complete the OAuth flow at /seo-monitor",Owner attaches the Coverage-Drilldown export (or completes OAuth); re-run the audit to reconcile counts row-for-row,None,Row counts in CSVs 03/04/05 match the export's per-category counts,Yes,UNVERIFIED,"GSC rows unavailable: export search 2026-10-09 (working tree, git history, docs, workspace dirs, GitHub artifacts) found nothing; env key names show no GSC OAuth credentials (freebuff-env list) — API NOT connected; counts 160/40/3/1 = OWNER_SUPPLIED, mapping UNVERIFIED."
P1,4 under-linked pages match the Discovered–currently-not-indexed signature,"/ev-two-wheeler-service, /tvs-two-wheeler-service, /blog/car-ac-not-cooling-bangalore, /answers/warranty-service (4–6 linking pages of 479)",They sit outside the main nav/footer link paths,"src/components/SiteFooter.tsx, hubs (src/routes/bikes.tsx / cars / blog.index.tsx), src/lib/answer-pages.ts related-answers",Add 2–3 contextual internal links each,Very low — additive links only,Link counts re-measured >6 after deploy; GSC URL Inspection shows discovery,No,INFERRED,DNI attribution INFERRED; link counts LIVE_HTTP_VERIFIED 2026-10-09 (4-6 linking pages of 479).
P1,Sitemap must be resubmitted in GSC after the P0 deploy (5 P0 slugs + fresh lastmod),sitemap.xml (230 → +5 area URLs expected after deploy),Google re-reads a sitemap only when resubmitted or re-crawled,GSC → Sitemaps (owner UI action); no code change,"Resubmit https://ridencare.co.in/sitemap.xml after deploy; confirm ""Last read"" advances",None,"GSC sitemap report shows the new URL count; the 5 P0 URLs leave ""Excluded by noindex""",Yes,SOURCE_CODE_VERIFIED,HEAD sitemap logic (isAreaIndexed) would include the 5 P0 slugs after deploy; resubmission itself is an owner UI action.
P2,Shared-renderer service×area duplication keeps sibling pages out of the index,36 bike/motorcycle/doorstep pairs (plus future pairs) — live check: 10/136 priority pairs >60% similar,src/routes/$service.$area.tsx renders service-level FAQ/body for every pair; no locality-specific Q&A for bike families,src/routes/$service.$area.tsx + a per-pair registry (model: src/lib/car-area-content.ts),"Add 2–3 locality FAQs + local access notes per pair (owner-gated content work), starting with GSC-reported pairs",Medium — content effort; wording must respect banned-claims validator,scripts/check-area-uniqueness.py exit 0; scripts/validate-schema.py 0 errors; per-pair Jaccard <60%,Yes,LIVE_HTTP_VERIFIED,"Uniqueness measured on live crawl this session (10/136 priority pairs >60%); the repo's own checker failed twice with HTTP 503 (its rnc-seo-bot UA rate-limited), so its documented algorithm was re-run on browser-UA fetches."
P2,22 basic-tier area pages stay noindex (historically read as DNI/CNI noise in GSC),/areas/{22 slugs} — listed in 04-discovered-not-indexed-audit.csv,"Anti-doorway gate: isAreaIndexed requires confirmed && tier=""priority""",src/lib/areas.ts (tier/confirmed) + src/lib/area-content.ts content — only after uplift,Run the documented area-uplift batches; flip tier only with unique copy; P0 slugs flip automatically at deploy,Flipping without content creates doorway-pattern pages (warned in docs/seo/31 §3c),check-area-uniqueness.py 0 flagged pairs; owner sign-off recorded,Yes,SOURCE_CODE_VERIFIED,Policy src/lib/areas.ts + live noindex observed 2026-10-09; uplift batches HISTORICAL_BASELINE (docs/seo/03-content-calendar.md).
P2,/privacy and /terms remain noindex with [OWNER TO REVIEW] placeholders,"/privacy, /terms",Copy never approved since 2026-09-19,"src/routes/privacy.tsx, src/routes/terms.tsx (copy only — no indexing-rule change until approved)",Owner approves copy → remove placeholders → flip robots to indexable,Low,Live robots meta after flip; footer links intact,Yes,HISTORICAL_BASELINE,Noindex intent + [OWNER TO REVIEW] placeholders from docs/seo/STATE.md (2026-09-19); live noindex OBSERVED 2026-10-09. No indexability change recommended without documented justification and owner approval.
P3,25 titles >60 chars and 95 meta descriptions >160 chars (prior full-site pass),Widespread across the 230 sitemap URLs,Length limits not enforced at render time,src/lib/head.ts pageHead() trim rules + per-page title/description fields,Tighten templates + per-page copy trims (batch); rewrite rather than truncate,Low — titles/descriptions are the CTR lever,Full-site length scan <60/<160 or justified exceptions,No,LIVE_HTTP_VERIFIED,Measured in the prior stage of this session (2026-10-09) on the full-site crawl; the original row carried no date — recorded here.
P3,Reported soft-404 row cannot be verified,1 URL (UNVERIFIED — export row missing),Export file unavailable; no soft-404 signature found in the live audit,None until the row is known,"Re-export the row, inspect it, then fix content or contest the classification",None,Row-level retest recorded in 05-redirects-and-soft404.csv,Yes,UNVERIFIED,Exact soft-404 URL not recovered (export search 2026-10-09); investigation blocked until the owner supplies the row.
P3,Previously exposed Cloudflare token must be rotated (prior audit-stage finding),Infrastructure (not a URL),Token exposure recorded in the earlier audit stage; Cloudflare API read currently HTTP 401 for this session,Cloudflare dashboard → API tokens (owner),Rotate the token; grant minimal scopes (Zone.Cache Purge for scripts/purge-cache.mjs),Standing security risk until done,Old token 401 on use; new token validates; purge-cache.mjs succeeds (was 401),Yes,HISTORICAL_BASELINE,Recorded in the earlier audit stage; re-checked 2026-10-09 — Cloudflare API read still HTTP 401 for this session.
