Original URL,Claimed GSC category,Actual exported GSC category,Live HTTP status,Redirect destination,Chain,Destination relevant & intentional?,Chain/loop finding,Indexing intent,Evidence classification,Recommended action (no changes this stage),Confidence,Risk,Owner approval required
https://ridencare.co.in/blog/,Page with redirect (trailing slash),UNVERIFIED — no GSC export supplied (see 08-original-export-inventory.csv); GSC API not connected,307,https://ridencare.co.in/blog,"307 → /blog (relative Location, 1 hop)",Normalisation intent is intentional; the 307 status is NOT — a temporary status tells Google the move may be undone,"Single hop, no loop observed (live captures 2026-10-09; key rows re-checked 2026-10-10); DEFECT: 307 (temporary) used for normalisation — flag as status-code issue, destination unchanged",n/a — redirect source URL (no page body); the destination page carries the indexing intent,LIVE_HTTP_VERIFIED (status + Location captured 2026-10-09; all nine behaviours re-checked 2026-10-10 — identical) + SOURCE_CODE_VERIFIED (src/server.ts normaliser at HEAD),Serve 301 (permanent) for trailing-slash normalisation in src/server.ts [no redirect changes this stage],High for live behaviour; whether Google lists this URL is UNVERIFIED (export row not supplied),Low — no chains/loops/irrelevant destinations found; only the 307-vs-301 status defect,No (technical fix would be raised for a code-change stage)
https://ridencare.co.in/guides/,Page with redirect (trailing slash),UNVERIFIED — no GSC export supplied (see 08-original-export-inventory.csv); GSC API not connected,307,https://ridencare.co.in/guides,307 → /guides (1 hop),"Same — intentional normalisation, wrong status code","Single hop, no loop observed (live captures 2026-10-09; key rows re-checked 2026-10-10); DEFECT: 307 (temporary) used for normalisation — flag as status-code issue, destination unchanged",n/a — redirect source URL (no page body); the destination page carries the indexing intent,LIVE_HTTP_VERIFIED (status + Location captured 2026-10-09; all nine behaviours re-checked 2026-10-10 — identical) + SOURCE_CODE_VERIFIED (src/server.ts normaliser at HEAD),Change to 301 [no redirect changes this stage],High for live behaviour; whether Google lists this URL is UNVERIFIED (export row not supplied),Low — no chains/loops/irrelevant destinations found; only the 307-vs-301 status defect,No (technical fix would be raised for a code-change stage)
https://ridencare.co.in/bikes/,Page with redirect (trailing slash),UNVERIFIED — no GSC export supplied (see 08-original-export-inventory.csv); GSC API not connected,307,https://ridencare.co.in/bikes,307 → /bikes (1 hop),Same,"Single hop, no loop observed (live captures 2026-10-09; key rows re-checked 2026-10-10); DEFECT: 307 (temporary) used for normalisation — flag as status-code issue, destination unchanged",n/a — redirect source URL (no page body); the destination page carries the indexing intent,LIVE_HTTP_VERIFIED (status + Location captured 2026-10-09; all nine behaviours re-checked 2026-10-10 — identical) + SOURCE_CODE_VERIFIED (src/server.ts normaliser at HEAD),Change to 301 [no redirect changes this stage],High for live behaviour; whether Google lists this URL is UNVERIFIED (export row not supplied),Low — no chains/loops/irrelevant destinations found; only the 307-vs-301 status defect,No (technical fix would be raised for a code-change stage)
https://ridencare.co.in/franchise/,Page with redirect (trailing slash),UNVERIFIED — no GSC export supplied (see 08-original-export-inventory.csv); GSC API not connected,307,https://ridencare.co.in/franchise,307 → /franchise (1 hop),Same,"Single hop, no loop observed (live captures 2026-10-09; key rows re-checked 2026-10-10); DEFECT: 307 (temporary) used for normalisation — flag as status-code issue, destination unchanged",n/a — redirect source URL (no page body); the destination page carries the indexing intent,LIVE_HTTP_VERIFIED (status + Location captured 2026-10-09; all nine behaviours re-checked 2026-10-10 — identical) + SOURCE_CODE_VERIFIED (src/server.ts normaliser at HEAD),Change to 301 [no redirect changes this stage],High for live behaviour; whether Google lists this URL is UNVERIFIED (export row not supplied),Low — no chains/loops/irrelevant destinations found; only the 307-vs-301 status defect,No (technical fix would be raised for a code-change stage)
https://ridencare.co.in/motorcycle-service/indiranagar/,Page with redirect (trailing slash — GSC-style row),UNVERIFIED — no GSC export supplied (see 08-original-export-inventory.csv); GSC API not connected,307,https://ridencare.co.in/motorcycle-service/indiranagar,307 → /motorcycle-service/indiranagar (1 hop),Same; this pattern affects every trailing-slash variant Google tries (whole-site class),"Single hop, no loop observed (live captures 2026-10-09; key rows re-checked 2026-10-10); DEFECT: 307 (temporary) used for normalisation — flag as status-code issue, destination unchanged",n/a — redirect source URL (no page body); the destination page carries the indexing intent,LIVE_HTTP_VERIFIED (status + Location captured 2026-10-09; all nine behaviours re-checked 2026-10-10 — identical) + SOURCE_CODE_VERIFIED (src/server.ts normaliser at HEAD),Change to 301 site-wide; GSC redirect rows should clear after recrawl [no redirect changes this stage],High for live behaviour; whether Google lists this URL is UNVERIFIED (export row not supplied),Low — no chains/loops/irrelevant destinations found; only the 307-vs-301 status defect,No (technical fix would be raised for a code-change stage)
https://www.ridencare.co.in/,Canonical host redirect,UNVERIFIED — no GSC export supplied (see 08-original-export-inventory.csv); GSC API not connected,301,https://ridencare.co.in/,301 → https://ridencare.co.in/ (path+query preserved),"Yes — intentional, correct permanent redirect (src/server.ts canonicalHostRedirect)","Single hop, no loop observed (live captures 2026-10-09; key rows re-checked 2026-10-10)",n/a — redirect source URL (no page body); the destination page carries the indexing intent,LIVE_HTTP_VERIFIED (status + Location captured 2026-10-09; all nine behaviours re-checked 2026-10-10 — identical) + SOURCE_CODE_VERIFIED (src/server.ts normaliser at HEAD),No change (verified live 2026-10-09) [no redirect changes this stage],High for live behaviour; whether Google lists this URL is UNVERIFIED (export row not supplied),Low — no chains/loops/irrelevant destinations found; only the 307-vs-301 status defect,No (technical fix would be raised for a code-change stage)
http://ridencare.co.in/,Canonical scheme redirect,UNVERIFIED — no GSC export supplied (see 08-original-export-inventory.csv); GSC API not connected,301,https://ridencare.co.in/,301 → https://ridencare.co.in/ (path+query preserved),"Yes — intentional, correct","Single hop, no loop observed (live captures 2026-10-09; key rows re-checked 2026-10-10)",n/a — redirect source URL (no page body); the destination page carries the indexing intent,LIVE_HTTP_VERIFIED (status + Location captured 2026-10-09; all nine behaviours re-checked 2026-10-10 — identical) + SOURCE_CODE_VERIFIED (src/server.ts normaliser at HEAD),No change (verified live 2026-10-09) [no redirect changes this stage],High for live behaviour; whether Google lists this URL is UNVERIFIED (export row not supplied),Low — no chains/loops/irrelevant destinations found; only the 307-vs-301 status defect,No (technical fix would be raised for a code-change stage)
https://ridencare.co.in/pricing,Retired page redirect,UNVERIFIED — no GSC export supplied (see 08-original-export-inventory.csv); GSC API not connected,301,https://ridencare.co.in/bikes,301 → https://ridencare.co.in/bikes (1 hop),Yes — intentional retirement of the standalone pricing page (src/routes/pricing.ts),"Single hop, no loop observed (live captures 2026-10-09; key rows re-checked 2026-10-10)",n/a — redirect source URL (no page body); the destination page carries the indexing intent,LIVE_HTTP_VERIFIED (status + Location captured 2026-10-09; all nine behaviours re-checked 2026-10-10 — identical) + SOURCE_CODE_VERIFIED (src/server.ts normaliser at HEAD),No change (verified live 2026-10-09) [no redirect changes this stage],High for live behaviour; whether Google lists this URL is UNVERIFIED (export row not supplied),Low — no chains/loops/irrelevant destinations found; only the 307-vs-301 status defect,No (technical fix would be raised for a code-change stage)
https://ridencare.co.in/answers/how-often-car-service,Cannibalisation consolidation redirect,UNVERIFIED — no GSC export supplied (see 08-original-export-inventory.csv); GSC API not connected,301,https://ridencare.co.in/answers/car-service-interval,301 → https://ridencare.co.in/answers/car-service-interval (1 hop),Yes — intentional Batch-4 consolidation (src/server.ts CANONICAL_PATHS),"Single hop, no loop observed (live captures 2026-10-09; key rows re-checked 2026-10-10)",n/a — redirect source URL (no page body); the destination page carries the indexing intent,LIVE_HTTP_VERIFIED (status + Location captured 2026-10-09; all nine behaviours re-checked 2026-10-10 — identical) + SOURCE_CODE_VERIFIED (src/server.ts normaliser at HEAD),No change (verified live 2026-10-09); GSC may keep showing the historic row until recrawl [no redirect changes this stage],High for live behaviour; whether Google lists this URL is UNVERIFIED (export row not supplied),Low — no chains/loops/irrelevant destinations found; only the 307-vs-301 status defect,No (technical fix would be raised for a code-change stage)
UNVERIFIED — the reported soft-404 row,Soft 404 (owner-supplied candidate URL: /franchise — exact exported URL UNVERIFIED),UNVERIFIED — no GSC export supplied (see 08-original-export-inventory.csv); GSC API not connected,UNVERIFIED,UNVERIFIED,UNVERIFIED,UNVERIFIED — no redirect exists for the candidate; whether Google's chosen URL is relevant cannot be judged without the export row,"No chain/loop — candidate /franchise serves HTTP 200 directly (live 2026-10-10: 1415 words, self-canonical, no meta robots, unique title/H1 — a substantial landing page, so NO soft-404 signature is observable locally)","Candidate /franchise is indexable (200, no meta robots, in sitemap, observed 2026-10-10) — intended to stay indexable; Google's classification of the exported row is UNVERIFIED","UNVERIFIED (owner-supplied that /franchise is the candidate) + LIVE_HTTP_VERIFIED (live state of /franchise, 2026-10-10)","Options, no action this stage: (a) download the Soft 404 export row to confirm the exact URL; (b) if it is /franchise, review page content/intent rather than redirecting — do NOT redirect /franchise to the homepage merely to clear the report; (c) if Google's classification is accepted, close the item. Do not implement any option here.",Low for live facts; exact GSC row UNVERIFIED,Redirecting a working lead-gen page would break a business path; acting without the export row risks fixing the wrong URL,Yes
