Rank,Priority,Issue,Affected URLs,Evidence,Risk if not addressed,Risk of the fix,Proposed fix,Files/routes + dependencies,Required tests,Owner approval required
1,P0,Committed P0 work (and the ₹299 copy fix) is not deployed — production runs a pre-P0 build,All 230 sitemap URLs (content freshness); the 5 P0 slugs: /areas/kr-puram /areas/mahadevapura /areas/madiwala /areas/banashankari /areas/mg-road; /doorstep-bike-service copy,"SOURCE_CODE_VERIFIED (git HEAD 0735af2 vs live 2026-10-09; P0 strings, 5-slug sitemap absence, stale 2026-09-20 lastmod); Worker version INFERRED (Cloudflare API HTTP 401) | Root cause: No sanctioned deploy has run since 0735af2; a successful build was mistaken for deployment",Production keeps diverging from committed SEO work — every later fix ships to nothing,Low — workflow is validation-gated and manual-only; the standing risk is stale production,"Commit the 2 uncommitted copy files + the workflow (Freebuff Changes panel), trigger the manual workflow, then verify live fingerprints (P0 strings, ₹299, lastmod 2026-10-05, 5 slugs in sitemap)","Deploy: .github/workflows/prod-deploy.yml (untracked, manual); source = HEAD 0735af2 + uncommitted src/lib/services.ts + src/lib/answer-pages.ts | deps: Commit of src/lib/services.ts + src/lib/answer-pages.ts + .github/workflows/prod-deploy.yml must happen first (Freebuff Changes panel); deploy requires this queue item's approval","Post-deploy: sitemap greps (lastmod, 5 slugs), P0 string grep on live pages, scripts/validate-schema.py, 25-URL status spot-check",Yes
2,P0,Live copy contradicts the owner's ₹299 visiting-charge decision,/doorstep-bike-service (and /answers pages repeating the claim),"LIVE_HTTP_VERIFIED (verbatim 'There is no doorstep surcharge', 0x '299', 2026-10-09) + SOURCE_CODE_VERIFIED (HEAD pricing.ts VISITING_CHARGE=299) | Root cause: Working-tree fix not committed; live says ""There is no doorstep surcharge""",Customer-facing copy contradicts the ₹299 quote decision; trust/complaint exposure,Low — copy-only change already written in the working tree,Commit + deploy together with P0-1; live copy then shows the ₹299 line,src/lib/services.ts (pricing string) + src/lib/answer-pages.ts (FAQ row) — commit the working-tree versions | deps: Depends on queue item 1 (deploy); the copy decision itself is already owner-made (2026-10-04),"Live grep: ""visiting charge"" present, ""no doorstep surcharge"" absent, ₹299 present",Yes
3,P1,Trailing-slash normalisation uses 307 (temporary) instead of 301 (permanent),Every trailing-slash variant (measured: /blog/ /guides/ /bikes/ /franchise/ /motorcycle-service/indiranagar/),LIVE_HTTP_VERIFIED (status + Location captured 2026-10-09) + SOURCE_CODE_VERIFIED (committed code implements 307) | Root cause: Server/router issues 307 when stripping the trailing slash,Google treats slash normalisation as temporary; link equity never consolidates; redirect report rows persist,Low — status-code change only; confirm nothing depends on 307 semantics,Serve 301 with an absolute Location for all slash-normalisation redirects,src/server.ts (normalisation) and any route-level trailing-slash handlers | deps: Requires a code-change stage + deploy (both outside this read-only stage); no redirect target changes — keep every destination exactly as it is today,"curl: each slash variant → 301, single hop; bun tsc -b --noEmit + build; post-deploy GSC redirect rows decline",No
4,P1,"GSC export rows (160/40/3/1) cannot be reconciled — export file missing, API not connected","All four GSC categories (noindex, DNI, redirect, soft 404)","UNVERIFIED — second exhaustive search 2026-10-10 again found zero export files (filesystem, git objects, GitHub artifacts/releases); GSC API not connected | Root cause: Export never saved into the workspace; GSC API needs OAuth client credentials (docs/seo/36-gsc-oauth-2026-10-02.md)",All GSC-side claims stay historical/inferred; remediation cannot be prioritised by real data,None,Owner attaches the Coverage-Drilldown export (or completes OAuth); re-run the audit to reconcile counts row-for-row,"No code change — owner action: attach the export zip, or complete the OAuth flow at /seo-monitor | deps: Owner action only; nothing in the repo can substitute for it",Row counts in CSVs 03/04/05 match the export's per-category counts,Yes
5,P1,4 under-linked pages match the Discovered–currently-not-indexed signature,"/ev-two-wheeler-service, /tvs-two-wheeler-service, /blog/car-ac-not-cooling-bangalore, /answers/warranty-service (4–6 linking pages of 479)","INFERRED (DNI attribution, no export row) + LIVE_HTTP_VERIFIED link counts (4–6 linking pages of 479, 2026-10-09) | Root cause: They sit outside the main nav/footer link paths",Four pages stay under-crawled; DNI signature persists,Very low — additive links only,Add 2–3 contextual internal links each,"src/components/SiteFooter.tsx, hubs (src/routes/bikes.tsx / cars / blog.index.tsx), src/lib/answer-pages.ts related-answers | deps: Should wait for the export (queue item 4) before requesting indexing; link additions need a code-change stage",Link counts re-measured >6 after deploy; GSC URL Inspection shows discovery,No
6,P1,Sitemap must be resubmitted in GSC after the P0 deploy (5 P0 slugs + fresh lastmod),sitemap.xml (230 → +5 area URLs expected after deploy),SOURCE_CODE_VERIFIED (HEAD sitemap logic would include the 5 P0 slugs via isAreaIndexed); submission status UNVERIFIED (no API) | Root cause: Google re-reads a sitemap only when resubmitted or re-crawled,"Google keeps a stale sitemap view (230 URLs, old lastmod) after deploy",None,"Resubmit https://ridencare.co.in/sitemap.xml after deploy; confirm ""Last read"" advances",GSC → Sitemaps (owner UI action); no code change | deps: Blocked until the P0 deploy (queue item 1) completes,"GSC sitemap report shows the new URL count; the 5 P0 URLs leave ""Excluded by noindex""",Yes
7,P2,Shared-renderer service×area duplication keeps sibling pages out of the index,36 bike/motorcycle/doorstep pairs (plus future pairs) — live check: 10/136 priority pairs >60% similar,LIVE_HTTP_VERIFIED (uniqueness re-measured 2026-10-09 with the repo checker's documented algorithm after its own run failed twice HTTP 503) + SOURCE_CODE_VERIFIED (docs/seo/31 §3c architecture finding) | Root cause: src/routes/$service.$area.tsx renders service-level FAQ/body for every pair; no locality-specific Q&A for bike families,Sibling pages keep competing on identical bodies; sibling CNI/DNI persists,Medium — content effort; wording must respect banned-claims validator,"Add 2–3 locality FAQs + local access notes per pair (owner-gated content work), starting with GSC-reported pairs",src/routes/$service.$area.tsx + a per-pair registry (model: src/lib/car-area-content.ts) | deps: Owner content decision; evaluate existing pages first (per instruction) before any new URL is considered,scripts/check-area-uniqueness.py exit 0; scripts/validate-schema.py 0 errors; per-pair Jaccard <60%,Yes
8,P2,22 basic-tier area pages stay noindex (historically read as DNI/CNI noise in GSC),/areas/{22 slugs} — listed in 04-discovered-not-indexed-audit.csv,"SOURCE_CODE_VERIFIED (areas.ts isAreaIndexed policy) + LIVE_HTTP_VERIFIED (all 22 serve noindex, none in sitemap, 2026-10-09); uplift plan HISTORICAL_BASELINE (docs/seo/03-content-calendar.md) | Root cause: Anti-doorway gate: isAreaIndexed requires confirmed && tier=""priority""",22 pages stay GSC noindex/DNI noise until uplifted,Flipping without content creates doorway-pattern pages (warned in docs/seo/31 §3c),Run the documented area-uplift batches; flip tier only with unique copy; P0 slugs flip automatically at deploy,src/lib/areas.ts (tier/confirmed) + src/lib/area-content.ts content — only after uplift | deps: Content uplift batches + owner confirmation (Q33); explicitly no mass-indexing,check-area-uniqueness.py 0 flagged pairs; owner sign-off recorded,Yes
9,P2,/privacy and /terms remain noindex with [OWNER TO REVIEW] placeholders,"/privacy, /terms","HISTORICAL_BASELINE (docs/seo/STATE.md Part 2 + docs/seo/31 §5, 2026-09-19..29) + LIVE_HTTP_VERIFIED (both serve 'noindex, follow' 2026-10-09) | Root cause: Copy never approved since 2026-09-19",Unreviewed legal copy would be published if flipped without approval,Low,Owner approves copy → remove placeholders → flip robots to indexable,"src/routes/privacy.tsx, src/routes/terms.tsx (copy only — no indexing-rule change until approved) | deps: Owner copy approval (OWNER-QUESTIONS); same rule applies to /auth and /track-booking (never indexable)",Live robots meta after flip; footer links intact,Yes
10,P3,25 titles >60 chars and 95 meta descriptions >160 chars (prior full-site pass),Widespread across the 230 sitemap URLs,"LIVE_HTTP_VERIFIED (full-site crawl, prior stage of this session 2026-10-09; date missing from the original row, recorded here) | Root cause: Length limits not enforced at render time",Snippet truncation hurts CTR,Low — titles/descriptions are the CTR lever,Tighten templates + per-page copy trims (batch); rewrite rather than truncate,src/lib/head.ts pageHead() trim rules + per-page title/description fields | deps: Code/copy-change stage; re-measure after deploy,Full-site length scan <60/<160 or justified exceptions,No
11,P3,Reported soft-404 row cannot be verified,1 URL (UNVERIFIED — export row missing),UNVERIFIED: export row not recovered; no soft-404 signature found in the 2026-10-09 crawl of 460 URLs | Root cause: Export file unavailable; no soft-404 signature found in the live audit,A real soft-404 row stays uninvestigated; blind action risks the wrong URL,None,"Re-export the row, inspect it, then fix content or contest the classification",None until the row is known | deps: Blocked on queue item 4 (export),Row-level retest recorded in 05-redirects-and-soft404.csv,Yes
12,P3,Previously exposed Cloudflare token must be rotated (prior audit-stage finding),Infrastructure (not a URL),HISTORICAL_BASELINE (prior audit-stage finding) — re-checked 2026-10-09: Cloudflare API read still HTTP 401 for this session | Root cause: Token exposure recorded in the earlier audit stage; Cloudflare API read currently HTTP 401 for this session,Standing credential-exposure risk; blocks deploy-history verification and cache purges,Standing security risk until done,Rotate the token; grant minimal scopes (Zone.Cache Purge for scripts/purge-cache.mjs),"Cloudflare dashboard → API tokens (owner) | deps: Cloudflare dashboard access (owner, Q10)",Old token 401 on use; new token validates; purge-cache.mjs succeeds (was 401),Yes
