Evidence source,Date,Evidence type,Limitations,Verification method
"Live production sitemap fetch (230 <loc> entries, sha256 e7b7cc13c5376cdf76d6b40293d94362b3600495f7e8be0c767b91b30dfd977a)",2026-10-09,LIVE_HTTP_VERIFIED,"Single-day snapshot; byte-identical to the 2026-10-08 capture, so it reflects a build that has not changed; transient 503s observed under my own high-concurrency crawl (24 seen, all recovered 200 on serial retry)","curl GET /sitemap.xml (curl/8.5.0 UA), sha256sum vs saved 2026-10-08 copy, <loc> parsed to path list"
Live HTTP crawl of the sitemap URL set (230 URLs),2026-10-09,LIVE_HTTP_VERIFIED,Statuses/robots/canonical/title captured in one morning window (12:05 local); a 200 proves neither Google indexing nor eligibility,curl fetches saved to audit scratch (HTML + headers); meta robots/canonical/title/word-count parsed from saved HTML
"Live HTTP crawl of the non-sitemap URL set (230 URLs, all serving meta robots noindex)",2026-10-09,LIVE_HTTP_VERIFIED,Same single-day window; initial UA (Mozilla-compat 'rnc-audit') drew intermittent 503s (Cloudflare error 1102) under load — every URL was re-fetched serially until HTTP 200 before its noindex value was recorded,"curl serial fetch with retry, robots/canonical extraction; final tally 230/200, 227 'noindex, follow' + 3 'noindex, nofollow'"
Internal-link counts (distinct linking pages),2026-10-09,LIVE_HTTP_VERIFIED,"Counts reflect only the 479 pages in my crawl corpus, not Google's link graph or the whole live URL universe","href parsing of all saved HTML (479 unique pages), distinct-page set counting per target"
"Redirect header captures (9 behaviours: 5 slash-307 patterns, www/http 301, /pricing 301, /answers/how-often-car-service 301)",2026-10-09,LIVE_HTTP_VERIFIED,"Single-request observations; slash-variant class tested on 5 representative URLs, the behaviour itself is implemented once in code so it applies site-wide",curl -D header files; status line + Location parsed
Owner-supplied 25 cross-check URLs,2026-10-09 (this audit session),OWNER_SUPPLIED,"The original per-URL GSC category mapping from the owner's message was not preserved (conversation condensed); categories in file 02 are therefore INFERRED or UNVERIFIED, never export-backed",Saved as audit scratch targets.txt; each URL live-fetched and measured (audit.tsv)
Owner-reported GSC category counts 160 / 40 / 3 / 1,2026-10-09 (this audit session),OWNER_SUPPLIED,"No file backs these numbers; the mapping of counts to the four categories is not recoverable from this session, so per-category reported counts stay UNVERIFIED",Conversation record only
"GSC export file search: working tree, full git history (all refs), docs/, /tmp, /home, /root, /mnt, /media, /var/tmp, GitHub Actions artifacts",2026-10-09,UNVERIFIED (absent),Chart.csv / Table.csv / Metadata.csv / Coverage-Drilldown exports / export ZIPs do not exist locally; only non-GSC zips found were a GitHub Actions build log and two nitro-worker-output artifacts,"find by name + content grep, git log --all --diff-filter=A --name-only, gh api repos/ridencare39/ride-n-care/actions/artifacts (total: 2, both build artifacts)"
GSC API connectivity,2026-10-09,UNVERIFIED (not connected),No successful authenticated GSC request exists — therefore NO GSC_EXPORT_VERIFIED evidence can be claimed anywhere in this report,"freebuff-env list shows no GOOGLE_OAUTH_CLIENT_ID/SECRET, no GOOGLE_SEARCH_CONSOLE_API_KEY/LOVABLE_API_KEY (names only); docs/seo/36-gsc-oauth-2026-10-02.md records the flow is unconnected; docs/seo/gsc-query-review.md Batch 5 records a prior direct API HTTP 401 (OAuth2 required)"
"docs/seo/31-indexing-audit-2026-09-29.md — GSC baseline (18 'Crawled — currently not indexed', ~70 'Discovered — currently not indexed')",2026-09-29,HISTORICAL_BASELINE,Owner-GUI-sourced a year-week ago and not re-verifiable now; §3a table parses to 17 URL rows although its header claims 18 (one row unrecoverable); §3b group counts sum above the doc's own ~70 estimate so per-URL membership there is approximate,Markdown table parse of the file (rows extracted programmatically 2026-10-09)
git HEAD 0735af295663d9eef4e825a5e58388f2044d7894 + working tree,2026-10-09,SOURCE_CODE_VERIFIED,"Committed code is not deployed code; uncommitted files (src/lib/services.ts, src/lib/answer-pages.ts) exist only in the working tree; nothing here proves what production runs",git rev-parse/show/diff/status; compared against live HTML greps
"Area-content uniqueness measurement (10 of 136 priority pairs >60% 4-gram similarity, all involving undeployed P0 pages)",2026-10-09,LIVE_HTTP_VERIFIED,"The repo's own scripts/check-area-uniqueness.py failed twice with HTTP 503 (its rnc-seo-bot UA is rate-limited), so its documented algorithm (names/pincodes stripped, 4-gram Jaccard, 60% threshold) was re-implemented and run on browser-UA fetches",python re-implementation of the script's documented method over all 40 live /areas pages (all 200)
Cloudflare deployment history,2026-10-09,INFERRED,"API read returned HTTP 401 (token lacks read scope), so the Worker version and deploy timing are inferred from content fingerprints only (sitemap sha256 frozen since 2026-10-08; 0/5 P0 slugs live)",curl Cloudflare API + content fingerprint greps on live HTML/sitemap
"GSC dashboard manual reading (322 clicks, 131 indexed pages, 90 not indexed, 17 valid breadcrumbs)",2026-10-02,OWNER_SUPPLIED (manual observation),Hand-copied from the owner's GSC UI; date range unspecified; UI-only (Coverage counts are not available via the GSC API at all); cannot be refreshed from this environment,Recorded in docs/seo/36-gsc-oauth-2026-10-02.md §1 and src/lib/gsc-manual.ts (source: manual-observation)
"Prior-stage same-session technical checks (sitemap 230/200, 0 duplicate titles/H1s, 0 canonical mismatches, GA4 present, schema validator 0 errors/0 warnings)",2026-10-09,LIVE_HTTP_VERIFIED,"Measured earlier in this session and not re-run after CSV creation; axe, Playwright nav/panel suites and a local production build were NOT run this stage (host runtime limits; local build historically exits 137 OOM) and are never counted as passed",Full-site HTML parse + scripts/validate-schema.py in the prior stage
Repo/working-tree protection for this stage,2026-10-09,SOURCE_CODE_VERIFIED,"None — snapshot taken before work (HEAD 0735af2, 0 staged, 12 modified pre-existing files + 1 untracked workflow) and re-checked after; only new files inside docs/seo/gsc-audit/ were added",git status --porcelain + md5 of the 7 preliminary CSVs before/after (byte-identical)
