Issue,Affected URL,Evidence,Risk,Proposed fix,Dependencies,Owner approval required
Committed P0 work and the ₹299 copy fix are not deployed — production runs a pre-P0 build,sitemap.xml (230 URLs) + /areas/kr-puram /areas/mahadevapura /areas/madiwala /areas/banashankari /areas/mg-road + /doorstep-bike-service,"SOURCE_CODE_VERIFIED (git HEAD 0735af2 vs live 2026-10-09; P0 strings, 5-slug sitemap absence, stale 2026-09-20 lastmod); Worker version INFERRED (Cloudflare API HTTP 401)",Every P0 SEO action in the repo has zero live effect; committed code and production continue to diverge,Owner-approved deploy of HEAD plus the 2 uncommitted copy files via the manual workflow — NOT authorized in this read-only stage,Commit of src/lib/services.ts + src/lib/answer-pages.ts + .github/workflows/prod-deploy.yml must happen first (Freebuff Changes panel); deploy requires this queue item's approval,Yes
Live copy contradicts the owner's ₹299 visiting-charge decision,/doorstep-bike-service (and /answers pages repeating the claim),"LIVE_HTTP_VERIFIED (verbatim 'There is no doorstep surcharge', 0x '299', 2026-10-09) + SOURCE_CODE_VERIFIED (HEAD pricing.ts VISITING_CHARGE=299)",Customer-facing copy contradicts the quote customers will receive; trust and complaint exposure,Commit the working-tree copy fix and ship it with the P0 deploy; re-verify live copy afterwards,Depends on queue item 1 (deploy); the copy decision itself is already owner-made (2026-10-04),Yes
Trailing-slash normalisation uses 307 (temporary) instead of 301 (permanent),All trailing-slash variants (measured: /blog/ /guides/ /bikes/ /franchise/ /motorcycle-service/indiranagar/),LIVE_HTTP_VERIFIED (status + Location captured 2026-10-09) + SOURCE_CODE_VERIFIED (committed code implements 307),Google treats each move as temporary; link equity never consolidates; GSC keeps reporting redirect rows,"Serve 301 with absolute Location for slash normalisation in src/server.ts, then let Google recrawl",Requires a code-change stage + deploy (both outside this read-only stage); no redirect target changes — keep every destination exactly as it is today,No (technical fix) — code-change stage authorization required
GSC exports missing — no category can be reconciled row-for-row,"All four GSC categories (noindex, DNI, redirect, soft 404)",UNVERIFIED: exhaustive local search 2026-10-09 found no Chart.csv/Table.csv/Metadata.csv/Coverage-Drilldown/ZIP; GSC API not connected (no OAuth keys in env key names; prior API attempt HTTP 401),Every GSC-status claim in this audit stays historical/inferred; remediation cannot be prioritised by real impressions/status data,Owner downloads the four exports from Google Search Console (exact list in the stage report) and uploads them here — or completes the OAuth flow at /seo-monitor,Owner action only; nothing in the repo can substitute for it,Yes
Four pages match the Discovered–currently-not-indexed signature through very low internal-link mass,/ev-two-wheeler-service · /tvs-two-wheeler-service · /blog/car-ac-not-cooling-bangalore · /answers/warranty-service,"INFERRED (DNI attribution, no export row) + LIVE_HTTP_VERIFIED link counts (4–6 linking pages of 479, 2026-10-09)",Pages stay uncrawled/uncertain; minor risk of over-reading the inference if GSC later disagrees,"Add 2–3 contextual internal links each (services hub, related answers, blog hub); request indexing only after the export confirms DNI status",Should wait for the export (queue item 4) before requesting indexing; link additions need a code-change stage,No for links; Yes before any indexing request
Sitemap must be resubmitted in GSC after the P0 deploy,sitemap.xml (230 → expected 235 after P0: +5 area URLs),SOURCE_CODE_VERIFIED (HEAD sitemap logic would include the 5 P0 slugs via isAreaIndexed); submission status UNVERIFIED (no API),"Google may keep the stale sitemap view (230 URLs, 2026-09-20 lastmod) and miss the P0 refresh",Resubmit https://ridencare.co.in/sitemap.xml in GSC → Sitemaps and confirm 'Last read' advances,Blocked until the P0 deploy (queue item 1) completes,Yes
Shared-renderer service×area duplication keeps sibling pages out of the index,"36 bike/motorcycle/doorstep service×area pairs (10 of 136 priority pairs >60% similar, all involving undeployed P0 pages)",LIVE_HTTP_VERIFIED (uniqueness re-measured 2026-10-09 with the repo checker's documented algorithm after its own run failed twice HTTP 503) + SOURCE_CODE_VERIFIED (docs/seo/31 §3c architecture finding),Pushing these to indexing unreviewed would amplify duplicate-pattern exposure; changing canonicals without owner decision would be wrong,"Owner-gated content work: add 2–3 locality FAQs per pair (model: src/lib/car-area-content.ts); no canonical changes, no new URLs",Owner content decision; evaluate existing pages first (per instruction) before any new URL is considered,Yes
22 basic-tier area pages remain noindex by design,/areas/{22 slugs} (listed in files 03 and 04),"SOURCE_CODE_VERIFIED (areas.ts isAreaIndexed policy) + LIVE_HTTP_VERIFIED (all 22 serve noindex, none in sitemap, 2026-10-09); uplift plan HISTORICAL_BASELINE (docs/seo/03-content-calendar.md)",They remain a source of GSC noindex/DNI noise until uplifted; un-gating them now would create doorway-pattern pages,No indexability change — keep noindex; run the documented content-uplift batches first; P0 slugs flip only via the approved P0 deploy,Content uplift batches + owner confirmation (Q33); explicitly no mass-indexing,Yes
/privacy and /terms stay noindex with [OWNER TO REVIEW] placeholders,"/privacy, /terms","HISTORICAL_BASELINE (docs/seo/STATE.md Part 2 + docs/seo/31 §5, 2026-09-19..29) + LIVE_HTTP_VERIFIED (both serve 'noindex, follow' 2026-10-09)",Legal pages are not indexable — acceptable while drafts; promoting unapproved wording would publish unreviewed legal text,Keep noindex; no indexability change without documented justification and explicit owner approval,Owner copy approval (OWNER-QUESTIONS); same rule applies to /auth and /track-booking (never indexable),Yes
"Title/meta-description length violations (25 titles >60 chars, 95 descriptions >160 chars)",Widespread across the 230 sitemap URLs,"LIVE_HTTP_VERIFIED (full-site crawl, prior stage of this session 2026-10-09; date missing from the original row, recorded here)",Snippet truncation hurts CTR; low technical risk in fixing,"Batch trim via src/lib/head.ts pageHead() rules + per-page copy rewrites (rewrite, don't truncate)",Code/copy-change stage; re-measure after deploy,No
Reported soft-404 row cannot be investigated,1 URL — exact URL UNVERIFIED,UNVERIFIED: export row not recovered; no soft-404 signature found in the 2026-10-09 crawl of 460 URLs,A real soft 404 would waste crawl budget on a URL Google misclassifies — but acting blind risks touching the wrong URL,Hold — investigate only after the owner recovers the exact URL from GSC (per instruction),Blocked on queue item 4 (export),Yes
Previously exposed Cloudflare token must be rotated,Infrastructure (not a URL),HISTORICAL_BASELINE (prior audit-stage finding) — re-checked 2026-10-09: Cloudflare API read still HTTP 401 for this session,Standing credential-exposure risk; also blocks deploy-history verification and cache purges (purge script historically 401),Rotate in Cloudflare dashboard; grant minimal scopes (Zone.Cache Purge for scripts/purge-cache.mjs),"Cloudflare dashboard access (owner, Q10)",Yes
