URL,page_type,title,meta_description,H1,word_count,canonical,schema_types,internal_links_out,images_without_alt,notes
https://ridencare.co.in/about,,About Ride N Care | Doorstep Bike Service Bangalore,"Bangalore's trusted doorstep mechanic service — 150+ certified pros, 12,000+ happy riders, genuine parts and upfront pricing across 50+ localities.",About Ride N Care,594,https://ridencare.co.in/about,AboutPage;AdministrativeArea;AutoRepair;BreadcrumbList;City;ContactPoint;GeoCircle;GeoCoordinates;ListItem;Organization;PostalAddress;QuantitativeValue;WebPage;WebSite,25,1,
https://ridencare.co.in/answers,,Bike Service in Bangalore — Answers | Ride N Care,"Direct answers about Ride N Care: who we are, services, doorstep bike service, Bangalore areas covered, brands serviced, booking, response times and pricing.","Bike service & repair in Bangalore, answered",1741,https://ridencare.co.in/answers,AdministrativeArea;Answer;AutoRepair;BreadcrumbList;City;ContactPoint;FAQPage;GeoCircle;GeoCoordinates;ListItem;Organization;PostalAddress;Question;WebPage;WebSite,37,1,
https://ridencare.co.in/areas,,Service Areas in Bangalore | Ride N Care,"Ride N Care offers doorstep bike & car service across 24+ Bangalore neighbourhoods — Whitefield, Koramangala, HSR, Indiranagar, Electronic City and more.",Doorstep Service Areas in Bangalore,451,https://ridencare.co.in/areas,AdministrativeArea;AutoRepair;City;ContactPoint;GeoCircle;GeoCoordinates;Organization;PostalAddress;WebPage;WebSite,65,1,
https://ridencare.co.in/areas/banashankari,,Bike & Car Service in Banashankari | Ride N Care,"Doorstep bike & car service in Banashankari 560070, South Bangalore, near JP Nagar. Same-day slots, OEM parts, 7-day guarantee.",Doorstep bike & car service in Banashankari,335,https://ridencare.co.in/areas/banashankari,AdministrativeArea;AutoRepair;BreadcrumbList;City;ContactPoint;GeoCircle;GeoCoordinates;ListItem;Organization;Place;PostalAddress;WebPage;WebSite,31,1,
https://ridencare.co.in/areas/bannerghatta-road,,Bike & Car Service in Bannerghatta Road | Ride N Care,"Doorstep bike & car service in Bannerghatta Road 560076, South Bangalore, near JP Nagar. Same-day slots, OEM parts, 7-day guarantee.",Doorstep bike & car service in Bannerghatta Road,341,https://ridencare.co.in/areas/bannerghatta-road,AdministrativeArea;AutoRepair;BreadcrumbList;City;ContactPoint;GeoCircle;GeoCoordinates;ListItem;Organization;Place;PostalAddress;WebPage;WebSite,31,1,
https://ridencare.co.in/areas/bellandur,,Bike & Car Service in Bellandur | Ride N Care,"Doorstep bike & car service in Bellandur 560103, East Bangalore, near Sarjapur Road. Same-day slots, OEM parts, 7-day guarantee.",Doorstep bike & car service in Bellandur,333,https://ridencare.co.in/areas/bellandur,AdministrativeArea;AutoRepair;BreadcrumbList;City;ContactPoint;GeoCircle;GeoCoordinates;ListItem;Organization;Place;PostalAddress;WebPage;WebSite,31,1,
https://ridencare.co.in/areas/bommanahalli,,Bike & Car Service in Bommanahalli | Ride N Care,"Doorstep bike & car service in Bommanahalli 560068, South Bangalore, near Singasandra. Same-day slots, OEM parts, 7-day guarantee.",Doorstep bike & car service in Bommanahalli,334,https://ridencare.co.in/areas/bommanahalli,AdministrativeArea;AutoRepair;BreadcrumbList;City;ContactPoint;GeoCircle;GeoCoordinates;ListItem;Organization;Place;PostalAddress;WebPage;WebSite,31,1,
https://ridencare.co.in/areas/brookefield,,Bike & Car Service in Brookefield | Ride N Care,"Doorstep bike & car service in Brookefield 560037, East Bangalore, near Whitefield. Same-day slots, OEM parts, 7-day guarantee.",Doorstep bike & car service in Brookefield,330,https://ridencare.co.in/areas/brookefield,AdministrativeArea;AutoRepair;BreadcrumbList;City;ContactPoint;GeoCircle;GeoCoordinates;ListItem;Organization;Place;PostalAddress;WebPage;WebSite,31,1,
https://ridencare.co.in/areas/btm-layout,,Bike & Car Service in BTM Layout | Ride N Care,"Doorstep bike & car service in BTM Layout 560076, South Bangalore, near JP Nagar. Same-day slots, OEM parts, 7-day guarantee.",Doorstep bike & car service in BTM Layout,340,https://ridencare.co.in/areas/btm-layout,AdministrativeArea;AutoRepair;BreadcrumbList;City;ContactPoint;GeoCircle;GeoCoordinates;ListItem;Organization;Place;PostalAddress;WebPage;WebSite,31,1,
https://ridencare.co.in/areas/choodasandra,,Bike & Car Service in Choodasandra | Ride N Care,"Doorstep bike & car service in Choodasandra 560099, South Bangalore, near Kasavanahalli. Same-day slots, OEM parts, 7-day guarantee.",Doorstep bike & car service in Choodasandra,334,https://ridencare.co.in/areas/choodasandra,AdministrativeArea;AutoRepair;BreadcrumbList;City;ContactPoint;GeoCircle;GeoCoordinates;ListItem;Organization;Place;PostalAddress;WebPage;WebSite,31,1,
https://ridencare.co.in/areas/domlur,,Bike & Car Service in Domlur | Ride N Care,"Doorstep bike & car service in Domlur 560071, East Bangalore, near Indiranagar. Same-day slots, OEM parts, 7-day guarantee.",Doorstep bike & car service in Domlur,332,https://ridencare.co.in/areas/domlur,AdministrativeArea;AutoRepair;BreadcrumbList;City;ContactPoint;GeoCircle;GeoCoordinates;ListItem;Organization;Place;PostalAddress;WebPage;WebSite,31,1,
https://ridencare.co.in/areas/ejipura,,Bike & Car Service in Ejipura | Ride N Care,"Doorstep bike & car service in Ejipura 560047, South Bangalore, near Koramangala. Same-day slots, OEM parts, 7-day guarantee.",Doorstep bike & car service in Ejipura,332,https://ridencare.co.in/areas/ejipura,AdministrativeArea;AutoRepair;BreadcrumbList;City;ContactPoint;GeoCircle;GeoCoordinates;ListItem;Organization;Place;PostalAddress;WebPage;WebSite,31,1,
https://ridencare.co.in/areas/electronic-city,,Bike & Car Service in Electronic City | Ride N Care,"Doorstep bike & car service in Electronic City 560100, South Bangalore, near Bommanahalli. Same-day slots, OEM parts, 7-day guarantee.",Doorstep bike & car service in Electronic City,340,https://ridencare.co.in/areas/electronic-city,AdministrativeArea;AutoRepair;BreadcrumbList;City;ContactPoint;GeoCircle;GeoCoordinates;ListItem;Organization;Place;PostalAddress;WebPage;WebSite,31,1,
https://ridencare.co.in/areas/gunjur,,Bike & Car Service in Gunjur | Ride N Care,"Doorstep bike & car service in Gunjur 560087, East Bangalore, near Varthur. Same-day slots, OEM parts, 7-day guarantee.",Doorstep bike & car service in Gunjur,332,https://ridencare.co.in/areas/gunjur,AdministrativeArea;AutoRepair;BreadcrumbList;City;ContactPoint;GeoCircle;GeoCoordinates;ListItem;Organization;Place;PostalAddress;WebPage;WebSite,31,1,
https://ridencare.co.in/areas/hal,,Bike & Car Service in HAL | Ride N Care,"Doorstep bike & car service in HAL 560017, East Bangalore, near Marathahalli. Same-day slots, OEM parts, 7-day guarantee.",Doorstep bike & car service in HAL,330,https://ridencare.co.in/areas/hal,AdministrativeArea;AutoRepair;BreadcrumbList;City;ContactPoint;GeoCircle;GeoCoordinates;ListItem;Organization;Place;PostalAddress;WebPage;WebSite,31,1,
https://ridencare.co.in/areas/harlur,,Bike & Car Service in Harlur | Ride N Care,"Doorstep bike & car service in Harlur 560102, South Bangalore, near HSR Layout. Same-day slots, OEM parts, 7-day guarantee.",Doorstep bike & car service in Harlur,335,https://ridencare.co.in/areas/harlur,AdministrativeArea;AutoRepair;BreadcrumbList;City;ContactPoint;GeoCircle;GeoCoordinates;ListItem;Organization;Place;PostalAddress;WebPage;WebSite,31,1,
https://ridencare.co.in/areas/hebbal,,Bike & Car Service in Hebbal | Ride N Care,"Doorstep bike & car service in Hebbal 560024, North Bangalore, near Yelahanka. Same-day slots, OEM parts, 7-day guarantee.",Doorstep bike & car service in Hebbal,321,https://ridencare.co.in/areas/hebbal,AdministrativeArea;AutoRepair;BreadcrumbList;City;ContactPoint;GeoCircle;GeoCoordinates;ListItem;Organization;Place;PostalAddress;WebPage;WebSite,26,1,
https://ridencare.co.in/areas/hsr-layout,,Bike & Car Service in HSR Layout | Ride N Care,"Doorstep bike & car service in HSR Layout 560102, South Bangalore, near Koramangala. Same-day slots, OEM parts, 7-day guarantee.",Doorstep bike & car service in HSR Layout,339,https://ridencare.co.in/areas/hsr-layout,AdministrativeArea;AutoRepair;BreadcrumbList;City;ContactPoint;GeoCircle;GeoCoordinates;ListItem;Organization;Place;PostalAddress;WebPage;WebSite,31,1,
https://ridencare.co.in/areas/indiranagar,,Bike & Car Service in Indiranagar | Ride N Care,"Doorstep bike & car service in Indiranagar 560038, East Bangalore, near Domlur. Same-day slots, OEM parts, 7-day guarantee.",Doorstep bike & car service in Indiranagar,332,https://ridencare.co.in/areas/indiranagar,AdministrativeArea;AutoRepair;BreadcrumbList;City;ContactPoint;GeoCircle;GeoCoordinates;ListItem;Organization;Place;PostalAddress;WebPage;WebSite,31,1,
https://ridencare.co.in/areas/jayanagar,,Bike & Car Service in Jayanagar | Ride N Care,"Doorstep bike & car service in Jayanagar 560011, South Bangalore, near JP Nagar. Same-day slots, OEM parts, 7-day guarantee.",Doorstep bike & car service in Jayanagar,334,https://ridencare.co.in/areas/jayanagar,AdministrativeArea;AutoRepair;BreadcrumbList;City;ContactPoint;GeoCircle;GeoCoordinates;ListItem;Organization;Place;PostalAddress;WebPage;WebSite,31,1,
https://ridencare.co.in/areas/jp-nagar,,Bike & Car Service in JP Nagar | Ride N Care,"Doorstep bike & car service in JP Nagar 560078, South Bangalore, near Jayanagar. Same-day slots, OEM parts, 7-day guarantee.",Doorstep bike & car service in JP Nagar,340,https://ridencare.co.in/areas/jp-nagar,AdministrativeArea;AutoRepair;BreadcrumbList;City;ContactPoint;GeoCircle;GeoCoordinates;ListItem;Organization;Place;PostalAddress;WebPage;WebSite,31,1,
https://ridencare.co.in/areas/kadubeesanahalli,,Bike & Car Service in Kadubeesanahalli | Ride N Care,"Doorstep bike & car service in Kadubeesanahalli 560103, East Bangalore, near Panathur Road. Same-day slots, OEM parts, 7-day guarantee.",Doorstep bike & car service in Kadubeesanahalli,332,https://ridencare.co.in/areas/kadubeesanahalli,AdministrativeArea;AutoRepair;BreadcrumbList;City;ContactPoint;GeoCircle;GeoCoordinates;ListItem;Organization;Place;PostalAddress;WebPage;WebSite,31,1,
https://ridencare.co.in/areas/kalyan-nagar,,Bike & Car Service in Kalyan Nagar | Ride N Care,"Doorstep bike & car service in Kalyan Nagar 560043, East Bangalore, near Banaswadi. Same-day slots, OEM parts, 7-day guarantee.",Doorstep bike & car service in Kalyan Nagar,337,https://ridencare.co.in/areas/kalyan-nagar,AdministrativeArea;AutoRepair;BreadcrumbList;City;ContactPoint;GeoCircle;GeoCoordinates;ListItem;Organization;Place;PostalAddress;WebPage;WebSite,31,1,
https://ridencare.co.in/areas/kanakapura-road,,Bike & Car Service in Kanakapura Road | Ride N Care,"Doorstep bike & car service in Kanakapura Road 560062, South Bangalore, near Banashankari. Same-day slots, OEM parts, 7-day guarantee.",Doorstep bike & car service in Kanakapura Road,339,https://ridencare.co.in/areas/kanakapura-road,AdministrativeArea;AutoRepair;BreadcrumbList;City;ContactPoint;GeoCircle;GeoCoordinates;ListItem;Organization;Place;PostalAddress;WebPage;WebSite,31,1,
https://ridencare.co.in/areas/kasavanahalli,,Bike & Car Service in Kasavanahalli | Ride N Care,"Doorstep bike & car service in Kasavanahalli 560035, East Bangalore, near Sarjapur Road. Same-day slots, OEM parts, 7-day guarantee.",Doorstep bike & car service in Kasavanahalli,332,https://ridencare.co.in/areas/kasavanahalli,AdministrativeArea;AutoRepair;BreadcrumbList;City;ContactPoint;GeoCircle;GeoCoordinates;ListItem;Organization;Place;PostalAddress;WebPage;WebSite,31,1,
https://ridencare.co.in/areas/koramangala,,Bike & Car Service in Koramangala | Ride N Care,"Doorstep bike & car service in Koramangala 560034, South Bangalore, near HSR Layout. Same-day slots, OEM parts, 7-day guarantee.",Doorstep bike & car service in Koramangala,335,https://ridencare.co.in/areas/koramangala,AdministrativeArea;AutoRepair;BreadcrumbList;City;ContactPoint;GeoCircle;GeoCoordinates;ListItem;Organization;Place;PostalAddress;WebPage;WebSite,31,1,
https://ridencare.co.in/areas/kr-puram,,Bike & Car Service in KR Puram | Ride N Care,"Doorstep bike & car service in KR Puram 560036, East Bangalore, near Mahadevapura. Same-day slots, OEM parts, 7-day guarantee.",Doorstep bike & car service in KR Puram,340,https://ridencare.co.in/areas/kr-puram,AdministrativeArea;AutoRepair;BreadcrumbList;City;ContactPoint;GeoCircle;GeoCoordinates;ListItem;Organization;Place;PostalAddress;WebPage;WebSite,31,1,
https://ridencare.co.in/areas/kudlu-gate,,Bike & Car Service in Kudlu Gate | Ride N Care,"Doorstep bike & car service in Kudlu Gate 560068, South Bangalore, near Bommanahalli. Same-day slots, OEM parts, 7-day guarantee.",Doorstep bike & car service in Kudlu Gate,340,https://ridencare.co.in/areas/kudlu-gate,AdministrativeArea;AutoRepair;BreadcrumbList;City;ContactPoint;GeoCircle;GeoCoordinates;ListItem;Organization;Place;PostalAddress;WebPage;WebSite,31,1,
https://ridencare.co.in/areas/madiwala,,Bike & Car Service in Madiwala | Ride N Care,"Doorstep bike & car service in Madiwala 560068, South Bangalore, near BTM Layout. Same-day slots, OEM parts, 7-day guarantee.",Doorstep bike & car service in Madiwala,335,https://ridencare.co.in/areas/madiwala,AdministrativeArea;AutoRepair;BreadcrumbList;City;ContactPoint;GeoCircle;GeoCoordinates;ListItem;Organization;Place;PostalAddress;WebPage;WebSite,31,1,
https://ridencare.co.in/areas/mahadevapura,,Bike & Car Service in Mahadevapura | Ride N Care,"Doorstep bike & car service in Mahadevapura 560048, East Bangalore, near KR Puram. Same-day slots, OEM parts, 7-day guarantee.",Doorstep bike & car service in Mahadevapura,332,https://ridencare.co.in/areas/mahadevapura,AdministrativeArea;AutoRepair;BreadcrumbList;City;ContactPoint;GeoCircle;GeoCoordinates;ListItem;Organization;Place;PostalAddress;WebPage;WebSite,31,1,
https://ridencare.co.in/areas/malleshwaram,,Bike & Car Service in Malleshwaram | Ride N Care,"Doorstep bike & car service in Malleshwaram 560003, Central Bangalore, near Rajajinagar. Same-day slots, OEM parts, 7-day guarantee.",Doorstep bike & car service in Malleshwaram,319,https://ridencare.co.in/areas/malleshwaram,AdministrativeArea;AutoRepair;BreadcrumbList;City;ContactPoint;GeoCircle;GeoCoordinates;ListItem;Organization;Place;PostalAddress;WebPage;WebSite,26,1,
https://ridencare.co.in/areas/marathahalli,,Bike & Car Service in Marathahalli | Ride N Care,"Doorstep bike & car service in Marathahalli 560037, East Bangalore, near Bellandur. Same-day slots, OEM parts, 7-day guarantee.",Doorstep bike & car service in Marathahalli,331,https://ridencare.co.in/areas/marathahalli,AdministrativeArea;AutoRepair;BreadcrumbList;City;ContactPoint;GeoCircle;GeoCoordinates;ListItem;Organization;Place;PostalAddress;WebPage;WebSite,31,1,
https://ridencare.co.in/areas/mg-road,,Bike & Car Service in MG Road | Ride N Care,"Doorstep bike & car service in MG Road 560001, Central Bangalore, near Brigade Road. Same-day slots, OEM parts, 7-day guarantee.",Doorstep bike & car service in MG Road,328,https://ridencare.co.in/areas/mg-road,AdministrativeArea;AutoRepair;BreadcrumbList;City;ContactPoint;GeoCircle;GeoCoordinates;ListItem;Organization;Place;PostalAddress;WebPage;WebSite,26,1,
https://ridencare.co.in/areas/panathur-road,,Bike & Car Service in Panathur Road | Ride N Care,"Doorstep bike & car service in Panathur Road 560103, East Bangalore, near Kadubeesanahalli. Same-day slots, OEM parts, 7-day guarantee.",Doorstep bike & car service in Panathur Road,337,https://ridencare.co.in/areas/panathur-road,AdministrativeArea;AutoRepair;BreadcrumbList;City;ContactPoint;GeoCircle;GeoCoordinates;ListItem;Organization;Place;PostalAddress;WebPage;WebSite,31,1,
https://ridencare.co.in/areas/parappana-agrahara,,Bike & Car Service in Parappana Agrahara | Ride N Care,"Doorstep bike & car service in Parappana Agrahara 560100, South Bangalore, near Electronic City. Same-day slots, OEM parts, 7-day guarantee.",Doorstep bike & car service in Parappana Agrahara,343,https://ridencare.co.in/areas/parappana-agrahara,AdministrativeArea;AutoRepair;BreadcrumbList;City;ContactPoint;GeoCircle;GeoCoordinates;ListItem;Organization;Place;PostalAddress;WebPage;WebSite,31,1,
https://ridencare.co.in/areas/peenya,,Bike & Car Service in Peenya | Ride N Care,"Doorstep bike & car service in Peenya 560058, West Bangalore, near Yeshwanthpur. Same-day slots, OEM parts, 7-day guarantee.",Doorstep bike & car service in Peenya,321,https://ridencare.co.in/areas/peenya,AdministrativeArea;AutoRepair;BreadcrumbList;City;ContactPoint;GeoCircle;GeoCoordinates;ListItem;Organization;Place;PostalAddress;WebPage;WebSite,27,1,
https://ridencare.co.in/areas/rajajinagar,,Bike & Car Service in Rajajinagar | Ride N Care,"Doorstep bike & car service in Rajajinagar 560010, West Bangalore, near Malleshwaram. Same-day slots, OEM parts, 7-day guarantee.",Doorstep bike & car service in Rajajinagar,320,https://ridencare.co.in/areas/rajajinagar,AdministrativeArea;AutoRepair;BreadcrumbList;City;ContactPoint;GeoCircle;GeoCoordinates;ListItem;Organization;Place;PostalAddress;WebPage;WebSite,27,1,
https://ridencare.co.in/areas/sarjapur-road,,Bike & Car Service in Sarjapur Road | Ride N Care,"Doorstep bike & car service in Sarjapur Road 560035, East Bangalore, near Bellandur. Same-day slots, OEM parts, 7-day guarantee.",Doorstep bike & car service in Sarjapur Road,338,https://ridencare.co.in/areas/sarjapur-road,AdministrativeArea;AutoRepair;BreadcrumbList;City;ContactPoint;GeoCircle;GeoCoordinates;ListItem;Organization;Place;PostalAddress;WebPage;WebSite,31,1,
https://ridencare.co.in/areas/singasandra,,Bike & Car Service in Singasandra | Ride N Care,"Doorstep bike & car service in Singasandra 560068, South Bangalore, near Bommanahalli. Same-day slots, OEM parts, 7-day guarantee.",Doorstep bike & car service in Singasandra,334,https://ridencare.co.in/areas/singasandra,AdministrativeArea;AutoRepair;BreadcrumbList;City;ContactPoint;GeoCircle;GeoCoordinates;ListItem;Organization;Place;PostalAddress;WebPage;WebSite,31,1,
https://ridencare.co.in/areas/varthur,,Bike & Car Service in Varthur | Ride N Care,"Doorstep bike & car service in Varthur 560087, East Bangalore, near Whitefield. Same-day slots, OEM parts, 7-day guarantee.",Doorstep bike & car service in Varthur,331,https://ridencare.co.in/areas/varthur,AdministrativeArea;AutoRepair;BreadcrumbList;City;ContactPoint;GeoCircle;GeoCoordinates;ListItem;Organization;Place;PostalAddress;WebPage;WebSite,31,1,
https://ridencare.co.in/areas/whitefield,,Bike & Car Service in Whitefield | Ride N Care,"Doorstep bike & car service in Whitefield 560066, East Bangalore, near ITPL. Same-day slots, OEM parts, 7-day guarantee.",Doorstep bike & car service in Whitefield,330,https://ridencare.co.in/areas/whitefield,AdministrativeArea;AutoRepair;BreadcrumbList;City;ContactPoint;GeoCircle;GeoCoordinates;ListItem;Organization;Place;PostalAddress;WebPage;WebSite,31,1,
https://ridencare.co.in/areas/yelahanka,,Bike & Car Service in Yelahanka | Ride N Care,"Doorstep bike & car service in Yelahanka 560064, North Bangalore, near Hebbal. Same-day slots, OEM parts, 7-day guarantee.",Doorstep bike & car service in Yelahanka,319,https://ridencare.co.in/areas/yelahanka,AdministrativeArea;AutoRepair;BreadcrumbList;City;ContactPoint;GeoCircle;GeoCoordinates;ListItem;Organization;Place;PostalAddress;WebPage;WebSite,26,1,
https://ridencare.co.in/areas/yeshwanthpur,,Bike & Car Service in Yeshwanthpur | Ride N Care,"Doorstep bike & car service in Yeshwanthpur 560022, West Bangalore, near Malleshwaram. Same-day slots, OEM parts, 7-day guarantee.",Doorstep bike & car service in Yeshwanthpur,320,https://ridencare.co.in/areas/yeshwanthpur,AdministrativeArea;AutoRepair;BreadcrumbList;City;ContactPoint;GeoCircle;GeoCoordinates;ListItem;Organization;Place;PostalAddress;WebPage;WebSite,27,1,
https://ridencare.co.in/battery-service,,Bike Battery Replacement in Bangalore | Ride N Care,"Bike battery service in Bangalore — free health test, jump-start and doorstep battery replacement with warranty. Same-day fitting. Call 08069409289.",Bike Battery Service & Replacement in Bangalore,474,https://ridencare.co.in/battery-service,AdministrativeArea;AutoRepair;BreadcrumbList;City;ContactPoint;GeoCircle;GeoCoordinates;ListItem;Organization;Place;PostalAddress;Service;WebPage;WebSite,27,1,
https://ridencare.co.in/bike-breakdown-assistance,,Bike Breakdown Assistance in Bangalore | Ride N Care,"Bike breakdown assistance across Bangalore — roadside diagnosis, on-spot repair and bike recovery to our workshop. Call 08296950339 or WhatsApp us.",Bike Breakdown Assistance in Bangalore,464,https://ridencare.co.in/bike-breakdown-assistance,AdministrativeArea;AutoRepair;BreadcrumbList;City;ContactPoint;GeoCircle;GeoCoordinates;ListItem;Organization;Place;PostalAddress;Service;WebPage;WebSite,27,1,
https://ridencare.co.in/bike-repair,,Bike Repair Near Me in Bangalore | Ride N Care,"Bike repair in Bangalore for engine, brake, clutch, electrical and starting problems. Free diagnosis, written quote, OEM parts. Call 08069409289.","Bike Repair in Bangalore — Diagnose, Quote, Fix",610,https://ridencare.co.in/bike-repair,AdministrativeArea;AutoRepair;BreadcrumbList;City;ContactPoint;GeoCircle;GeoCoordinates;ListItem;Organization;Place;PostalAddress;Service;WebPage;WebSite,40,1,
https://ridencare.co.in/bike-repair/bellandur,,"Bike Repair in Bellandur, Bangalore | Ride N Care","Bike Repair near you in Bellandur, Bangalore at your doorstep. Certified mechanics, OEM parts, same-day slots, 7-day guarantee. Call 08296950339.","Bike Repair in Bellandur , Bangalore",451,https://ridencare.co.in/bike-repair/bellandur,AdministrativeArea;AutoRepair;BreadcrumbList;City;ContactPoint;GeoCircle;GeoCoordinates;ListItem;Organization;Place;PostalAddress;Service;WebPage;WebSite,34,1,
https://ridencare.co.in/bike-repair/btm-layout,,"Bike Repair in BTM Layout, Bangalore | Ride N Care","Bike Repair near you in BTM Layout, Bangalore at your doorstep. Certified mechanics, OEM parts, same-day slots, 7-day guarantee. Call 08296950339.","Bike Repair in BTM Layout , Bangalore",462,https://ridencare.co.in/bike-repair/btm-layout,AdministrativeArea;AutoRepair;BreadcrumbList;City;ContactPoint;GeoCircle;GeoCoordinates;ListItem;Organization;Place;PostalAddress;Service;WebPage;WebSite,34,1,
https://ridencare.co.in/bike-repair/electronic-city,,"Bike Repair in Electronic City, Bangalore | Ride N Care","Bike Repair near you in Electronic City, Bangalore at your doorstep. Certified mechanics, OEM parts, same-day slots, 7-day guarantee. Call 08296950339.","Bike Repair in Electronic City , Bangalore",463,https://ridencare.co.in/bike-repair/electronic-city,AdministrativeArea;AutoRepair;BreadcrumbList;City;ContactPoint;GeoCircle;GeoCoordinates;ListItem;Organization;Place;PostalAddress;Service;WebPage;WebSite,34,1,
https://ridencare.co.in/bike-repair/hsr-layout,,"Bike Repair in HSR Layout, Bangalore | Ride N Care","Bike Repair near you in HSR Layout, Bangalore at your doorstep. Certified mechanics, OEM parts, same-day slots, 7-day guarantee. Call 08296950339.","Bike Repair in HSR Layout , Bangalore",462,https://ridencare.co.in/bike-repair/hsr-layout,AdministrativeArea;AutoRepair;BreadcrumbList;City;ContactPoint;GeoCircle;GeoCoordinates;ListItem;Organization;Place;PostalAddress;Service;WebPage;WebSite,34,1,
https://ridencare.co.in/bike-repair/indiranagar,,"Bike Repair in Indiranagar, Bangalore | Ride N Care","Bike Repair near you in Indiranagar, Bangalore at your doorstep. Certified mechanics, OEM parts, same-day slots, 7-day guarantee. Call 08296950339.","Bike Repair in Indiranagar , Bangalore",451,https://ridencare.co.in/bike-repair/indiranagar,AdministrativeArea;AutoRepair;BreadcrumbList;City;ContactPoint;GeoCircle;GeoCoordinates;ListItem;Organization;Place;PostalAddress;Service;WebPage;WebSite,34,1,
https://ridencare.co.in/bike-repair/jayanagar,,"Bike Repair in Jayanagar, Bangalore | Ride N Care","Bike Repair near you in Jayanagar, Bangalore at your doorstep. Certified mechanics, OEM parts, same-day slots, 7-day guarantee. Call 08296950339.","Bike Repair in Jayanagar , Bangalore",452,https://ridencare.co.in/bike-repair/jayanagar,AdministrativeArea;AutoRepair;BreadcrumbList;City;ContactPoint;GeoCircle;GeoCoordinates;ListItem;Organization;Place;PostalAddress;Service;WebPage;WebSite,34,1,
https://ridencare.co.in/bike-repair/jp-nagar,,"Bike Repair in JP Nagar, Bangalore | Ride N Care","Bike Repair near you in JP Nagar, Bangalore at your doorstep. Certified mechanics, OEM parts, same-day slots, 7-day guarantee. Call 08296950339.","Bike Repair in JP Nagar , Bangalore",463,https://ridencare.co.in/bike-repair/jp-nagar,AdministrativeArea;AutoRepair;BreadcrumbList;City;ContactPoint;GeoCircle;GeoCoordinates;ListItem;Organization;Place;PostalAddress;Service;WebPage;WebSite,34,1,
https://ridencare.co.in/bike-repair/koramangala,,"Bike Repair in Koramangala, Bangalore | Ride N Care","Bike Repair near you in Koramangala, Bangalore at your doorstep. Certified mechanics, OEM parts, same-day slots, 7-day guarantee. Call 08296950339.","Bike Repair in Koramangala , Bangalore",453,https://ridencare.co.in/bike-repair/koramangala,AdministrativeArea;AutoRepair;BreadcrumbList;City;ContactPoint;GeoCircle;GeoCoordinates;ListItem;Organization;Place;PostalAddress;Service;WebPage;WebSite,34,1,
https://ridencare.co.in/bike-repair/kr-puram,,"Bike Repair in KR Puram, Bangalore | Ride N Care","Bike Repair near you in KR Puram, Bangalore at your doorstep. Certified mechanics, OEM parts, same-day slots, 7-day guarantee. Call 08296950339.","Bike Repair in KR Puram , Bangalore",463,https://ridencare.co.in/bike-repair/kr-puram,AdministrativeArea;AutoRepair;BreadcrumbList;City;ContactPoint;GeoCircle;GeoCoordinates;ListItem;Organization;Place;PostalAddress;Service;WebPage;WebSite,34,1,
https://ridencare.co.in/bike-repair/marathahalli,,"Bike Repair in Marathahalli, Bangalore | Ride N Care","Bike Repair near you in Marathahalli, Bangalore at your doorstep. Certified mechanics, OEM parts, same-day slots, 7-day guarantee. Call 08296950339.","Bike Repair in Marathahalli , Bangalore",450,https://ridencare.co.in/bike-repair/marathahalli,AdministrativeArea;AutoRepair;BreadcrumbList;City;ContactPoint;GeoCircle;GeoCoordinates;ListItem;Organization;Place;PostalAddress;Service;WebPage;WebSite,34,1,
https://ridencare.co.in/bike-repair/sarjapur-road,,"Bike Repair in Sarjapur Road, Bangalore | Ride N Care","Bike Repair near you in Sarjapur Road, Bangalore at your doorstep. Certified mechanics, OEM parts, same-day slots, 7-day guarantee. Call 08296950339.","Bike Repair in Sarjapur Road , Bangalore",461,https://ridencare.co.in/bike-repair/sarjapur-road,AdministrativeArea;AutoRepair;BreadcrumbList;City;ContactPoint;GeoCircle;GeoCoordinates;ListItem;Organization;Place;PostalAddress;Service;WebPage;WebSite,34,1,
https://ridencare.co.in/bike-repair/whitefield,,"Bike Repair in Whitefield, Bangalore | Ride N Care","Bike Repair near you in Whitefield, Bangalore at your doorstep. Certified mechanics, OEM parts, same-day slots, 7-day guarantee. Call 08296950339.","Bike Repair in Whitefield , Bangalore",449,https://ridencare.co.in/bike-repair/whitefield,AdministrativeArea;AutoRepair;BreadcrumbList;City;ContactPoint;GeoCircle;GeoCoordinates;ListItem;Organization;Place;PostalAddress;Service;WebPage;WebSite,34,1,
https://ridencare.co.in/bike-service,,Bike Service Near Me in Bangalore | Ride N Care,"Book bike service in Bangalore at your doorstep. Certified mechanics, OEM-grade parts, upfront pricing and a 7-day workmanship guarantee. Call 08069409289.",Bike Service in Bangalore — At Your Doorstep,784,https://ridencare.co.in/bike-service,AdministrativeArea;AutoRepair;BreadcrumbList;City;ContactPoint;GeoCircle;GeoCoordinates;ListItem;Offer;Organization;Place;PostalAddress;Service;WebPage;WebSite,38,1,
https://ridencare.co.in/bike-service/bellandur,,"Bike Service in Bellandur, Bangalore | Ride N Care","Bike Service near you in Bellandur, Bangalore at your doorstep. Certified mechanics, OEM parts, same-day slots, 7-day guarantee. Call 08296950339.","Bike Service in Bellandur , Bangalore",606,https://ridencare.co.in/bike-service/bellandur,AdministrativeArea;AutoRepair;BreadcrumbList;City;ContactPoint;GeoCircle;GeoCoordinates;ListItem;Offer;Organization;Place;PostalAddress;Service;WebPage;WebSite,36,1,
https://ridencare.co.in/bike-service/btm-layout,,"Bike Service in BTM Layout, Bangalore | Ride N Care","Bike Service near you in BTM Layout, Bangalore at your doorstep. Certified mechanics, OEM parts, same-day slots, 7-day guarantee. Call 08296950339.","Bike Service in BTM Layout , Bangalore",619,https://ridencare.co.in/bike-service/btm-layout,AdministrativeArea;AutoRepair;BreadcrumbList;City;ContactPoint;GeoCircle;GeoCoordinates;ListItem;Offer;Organization;Place;PostalAddress;Service;WebPage;WebSite,36,1,
https://ridencare.co.in/bike-service/electronic-city,,"Bike Service in Electronic City, Bangalore | Ride N Care","Bike Service near you in Electronic City, Bangalore at your doorstep. Certified mechanics, OEM parts, same-day slots, 7-day guarantee. Call 08296950339.","Bike Service in Electronic City , Bangalore",620,https://ridencare.co.in/bike-service/electronic-city,AdministrativeArea;AutoRepair;BreadcrumbList;City;ContactPoint;GeoCircle;GeoCoordinates;ListItem;Offer;Organization;Place;PostalAddress;Service;WebPage;WebSite,36,1,
https://ridencare.co.in/bike-service/hsr-layout,,"Bike Service in HSR Layout, Bangalore | Ride N Care","Bike Service near you in HSR Layout, Bangalore at your doorstep. Certified mechanics, OEM parts, same-day slots, 7-day guarantee. Call 08296950339.","Bike Service in HSR Layout , Bangalore",619,https://ridencare.co.in/bike-service/hsr-layout,AdministrativeArea;AutoRepair;BreadcrumbList;City;ContactPoint;GeoCircle;GeoCoordinates;ListItem;Offer;Organization;Place;PostalAddress;Service;WebPage;WebSite,36,1,
https://ridencare.co.in/bike-service/indiranagar,,"Bike Service in Indiranagar, Bangalore | Ride N Care","Bike Service near you in Indiranagar, Bangalore at your doorstep. Certified mechanics, OEM parts, same-day slots, 7-day guarantee. Call 08296950339.","Bike Service in Indiranagar , Bangalore",606,https://ridencare.co.in/bike-service/indiranagar,AdministrativeArea;AutoRepair;BreadcrumbList;City;ContactPoint;GeoCircle;GeoCoordinates;ListItem;Offer;Organization;Place;PostalAddress;Service;WebPage;WebSite,36,1,
https://ridencare.co.in/bike-service/jayanagar,,"Bike Service in Jayanagar, Bangalore | Ride N Care","Bike Service near you in Jayanagar, Bangalore at your doorstep. Certified mechanics, OEM parts, same-day slots, 7-day guarantee. Call 08296950339.","Bike Service in Jayanagar , Bangalore",607,https://ridencare.co.in/bike-service/jayanagar,AdministrativeArea;AutoRepair;BreadcrumbList;City;ContactPoint;GeoCircle;GeoCoordinates;ListItem;Offer;Organization;Place;PostalAddress;Service;WebPage;WebSite,36,1,
https://ridencare.co.in/bike-service/jp-nagar,,"Bike Service in JP Nagar, Bangalore | Ride N Care","Bike Service near you in JP Nagar, Bangalore at your doorstep. Certified mechanics, OEM parts, same-day slots, 7-day guarantee. Call 08296950339.","Bike Service in JP Nagar , Bangalore",620,https://ridencare.co.in/bike-service/jp-nagar,AdministrativeArea;AutoRepair;BreadcrumbList;City;ContactPoint;GeoCircle;GeoCoordinates;ListItem;Offer;Organization;Place;PostalAddress;Service;WebPage;WebSite,36,1,
https://ridencare.co.in/bike-service/koramangala,,"Bike Service in Koramangala, Bangalore | Ride N Care","Bike Service near you in Koramangala, Bangalore at your doorstep. Certified mechanics, OEM parts, same-day slots, 7-day guarantee. Call 08296950339.","Bike Service in Koramangala , Bangalore",608,https://ridencare.co.in/bike-service/koramangala,AdministrativeArea;AutoRepair;BreadcrumbList;City;ContactPoint;GeoCircle;GeoCoordinates;ListItem;Offer;Organization;Place;PostalAddress;Service;WebPage;WebSite,36,1,
https://ridencare.co.in/bike-service/kr-puram,,"Bike Service in KR Puram, Bangalore | Ride N Care","Bike Service near you in KR Puram, Bangalore at your doorstep. Certified mechanics, OEM parts, same-day slots, 7-day guarantee. Call 08296950339.","Bike Service in KR Puram , Bangalore",620,https://ridencare.co.in/bike-service/kr-puram,AdministrativeArea;AutoRepair;BreadcrumbList;City;ContactPoint;GeoCircle;GeoCoordinates;ListItem;Offer;Organization;Place;PostalAddress;Service;WebPage;WebSite,36,1,
https://ridencare.co.in/bike-service/marathahalli,,"Bike Service in Marathahalli, Bangalore | Ride N Care","Bike Service near you in Marathahalli, Bangalore at your doorstep. Certified mechanics, OEM parts, same-day slots, 7-day guarantee. Call 08296950339.","Bike Service in Marathahalli , Bangalore",605,https://ridencare.co.in/bike-service/marathahalli,AdministrativeArea;AutoRepair;BreadcrumbList;City;ContactPoint;GeoCircle;GeoCoordinates;ListItem;Offer;Organization;Place;PostalAddress;Service;WebPage;WebSite,36,1,
https://ridencare.co.in/bike-service/sarjapur-road,,"Bike Service in Sarjapur Road, Bangalore | Ride N Care","Bike Service near you in Sarjapur Road, Bangalore at your doorstep. Certified mechanics, OEM parts, same-day slots, 7-day guarantee. Call 08296950339.","Bike Service in Sarjapur Road , Bangalore",618,https://ridencare.co.in/bike-service/sarjapur-road,AdministrativeArea;AutoRepair;BreadcrumbList;City;ContactPoint;GeoCircle;GeoCoordinates;ListItem;Offer;Organization;Place;PostalAddress;Service;WebPage;WebSite,36,1,
https://ridencare.co.in/bike-service/whitefield,,"Bike Service in Whitefield, Bangalore | Ride N Care","Bike Service near you in Whitefield, Bangalore at your doorstep. Certified mechanics, OEM parts, same-day slots, 7-day guarantee. Call 08296950339.","Bike Service in Whitefield , Bangalore",604,https://ridencare.co.in/bike-service/whitefield,AdministrativeArea;AutoRepair;BreadcrumbList;City;ContactPoint;GeoCircle;GeoCoordinates;ListItem;Offer;Organization;Place;PostalAddress;Service;WebPage;WebSite,36,1,
https://ridencare.co.in/bikes,,Doorstep Bike Service in Bangalore — All CCs | Ride N Care,"At-home bike service in Bangalore for every CC — TVS, Bajaj, Royal Enfield, KTM, Harley. OEM parts, certified mechanics, 60–90 min service.",Bike Service at Home,604,https://ridencare.co.in/bikes,AdministrativeArea;AggregateOffer;Answer;AutoRepair;BreadcrumbList;City;ContactPoint;FAQPage;GeoCircle;GeoCoordinates;ListItem;Organization;PostalAddress;Question;Service;WebPage;WebSite,26,1,
https://ridencare.co.in/blog,,Blog — Ride N Care | Bike & Car Care Tips,"Expert tips on bike and car maintenance, doorstep service guides, and Bangalore-specific car care advice from Ride N Care mechanics.",The Ride N Care Blog,535,https://ridencare.co.in/blog,AdministrativeArea;AutoRepair;Blog;BlogPosting;City;ContactPoint;GeoCircle;GeoCoordinates;Organization;PostalAddress;WebPage;WebSite,34,1,
https://ridencare.co.in/blog/bike-service-checklist-bangalore,,Bike Service Checklist Every Bangalore Rider Should Follow,"From engine oil to brake pads, here's the complete checklist that keeps your two-wheeler smooth in Bangalore's stop-and-go traffic.",Bike Service Checklist Every Bangalore Rider Should Follow,507,https://ridencare.co.in/blog/bike-service-checklist-bangalore,AdministrativeArea;Answer;AutoRepair;BlogPosting;BreadcrumbList;City;ContactPoint;FAQPage;GeoCircle;GeoCoordinates;ImageObject;ListItem;Organization;PostalAddress;Question;WebPage;WebSite,34,1,
https://ridencare.co.in/blog/car-ac-not-cooling-bangalore,,Why Your Car AC Stops Cooling in Bangalore (and How to Fi...,"Weak airflow, warm air, foul smell — three classic AC complaints, and the doorstep diagnostics that solve them in under an hour.",Why Your Car AC Stops Cooling in Bangalore (and How to Fix It),523,https://ridencare.co.in/blog/car-ac-not-cooling-bangalore,AdministrativeArea;Answer;AutoRepair;BlogPosting;BreadcrumbList;City;ContactPoint;FAQPage;GeoCircle;GeoCoordinates;ImageObject;ListItem;Organization;PostalAddress;Question;WebPage;WebSite,34,1,
https://ridencare.co.in/blog/car-battery-life-bangalore,,How Long Should a Car Battery Last in Bangalore?,"Heat, short trips and idle months kill car batteries faster than you'd think. Here's how to add 18 months to its life.",How Long Should a Car Battery Last in Bangalore?,532,https://ridencare.co.in/blog/car-battery-life-bangalore,AdministrativeArea;Answer;AutoRepair;BlogPosting;BreadcrumbList;City;ContactPoint;FAQPage;GeoCircle;GeoCoordinates;ImageObject;ListItem;Organization;PostalAddress;Question;WebPage;WebSite,34,1,
https://ridencare.co.in/blog/car-service-cost-bangalore-2026,,"Car Service Cost in Bangalore (2026): Real Numbers, No Hi...","Hatchback, sedan, SUV — here's what a periodic service really costs in Bangalore in 2026, and where garages quietly upsell.","Car Service Cost in Bangalore (2026): Real Numbers, No Hidden Fees",520,https://ridencare.co.in/blog/car-service-cost-bangalore-2026,AdministrativeArea;Answer;AutoRepair;BlogPosting;BreadcrumbList;City;ContactPoint;FAQPage;GeoCircle;GeoCoordinates;ImageObject;ListItem;Organization;PostalAddress;Question;WebPage;WebSite,34,1,
https://ridencare.co.in/blog/doorstep-vs-garage-service,,Doorstep Service vs Traditional Garage: Which Is Better i...,"We break down the cost, time and quality trade-offs between visiting a garage and having a mechanic show up at your gate.",Doorstep Service vs Traditional Garage: Which Is Better in 2026?,468,https://ridencare.co.in/blog/doorstep-vs-garage-service,AdministrativeArea;Answer;AutoRepair;BlogPosting;BreadcrumbList;City;ContactPoint;FAQPage;GeoCircle;GeoCoordinates;ImageObject;ListItem;Organization;PostalAddress;Question;WebPage;WebSite,34,1,
https://ridencare.co.in/blog/engine-oil-guide-bangalore,,Mineral vs Semi-Synthetic vs Fully Synthetic: Picking the...,The oil you pour into your bike or car decides 60% of its long-term health. Here's the simple buying guide.,Mineral vs Semi-Synthetic vs Fully Synthetic: Picking the Right Engine Oil,530,https://ridencare.co.in/blog/engine-oil-guide-bangalore,AdministrativeArea;Answer;AutoRepair;BlogPosting;BreadcrumbList;City;ContactPoint;FAQPage;GeoCircle;GeoCoordinates;ImageObject;ListItem;Organization;PostalAddress;Question;WebPage;WebSite,34,1,
https://ridencare.co.in/blog/monsoon-bike-care-bangalore,,Monsoon Bike Care: 9 Things Every Bangalore Rider Must Do,"Bangalore monsoons are brutal on chains, brakes and electricals. Here's how to monsoon-proof your bike in one weekend.",Monsoon Bike Care: 9 Things Every Bangalore Rider Must Do,605,https://ridencare.co.in/blog/monsoon-bike-care-bangalore,AdministrativeArea;Answer;AutoRepair;BlogPosting;BreadcrumbList;City;ContactPoint;FAQPage;GeoCircle;GeoCoordinates;ImageObject;ListItem;Organization;PostalAddress;Question;WebPage;WebSite,34,1,
https://ridencare.co.in/blog/top-bangalore-areas-doorstep-service,,Top 10 Bangalore Areas Where Doorstep Service Saves You t...,Traffic-heavy localities where skipping the garage run gives back 3+ hours of your weekend.,Top 10 Bangalore Areas Where Doorstep Service Saves You the Most Time,531,https://ridencare.co.in/blog/top-bangalore-areas-doorstep-service,AdministrativeArea;Answer;AutoRepair;BlogPosting;BreadcrumbList;City;ContactPoint;FAQPage;GeoCircle;GeoCoordinates;ImageObject;ListItem;Organization;PostalAddress;Question;WebPage;WebSite,34,1,
https://ridencare.co.in/brake-service,,Bike Brake Service in Bangalore | Ride N Care,"Bike brake service in Bangalore at your doorstep — pad and shoe replacement, disc check, brake bleeding and squeal fixes with OEM parts.",Bike Brake Service & Repair in Bangalore,486,https://ridencare.co.in/brake-service,AdministrativeArea;AutoRepair;BreadcrumbList;City;ContactPoint;GeoCircle;GeoCoordinates;ListItem;Organization;Place;PostalAddress;Service;WebPage;WebSite,26,1,
https://ridencare.co.in/cars,,Doorstep Car Service in Bangalore | Ride N Care,"Doorstep car service in Bangalore — periodic maintenance, AC refill, battery, brakes, denting & painting by certified mechanics with genuine parts.",Car Service at Home in Bangalore,398,https://ridencare.co.in/cars,AdministrativeArea;Answer;AutoRepair;BreadcrumbList;City;ContactPoint;FAQPage;GeoCircle;GeoCoordinates;ListItem;Offer;Organization;PostalAddress;Question;Service;WebPage;WebSite,26,1,
https://ridencare.co.in/clutch-repair,,Bike Clutch Repair in Bangalore | Ride N Care,"Bike clutch repair in Bangalore — slipping clutch, hard lever and plate replacement done at your doorstep with OEM parts and a written quote.",Bike Clutch Repair in Bangalore,489,https://ridencare.co.in/clutch-repair,AdministrativeArea;AutoRepair;BreadcrumbList;City;ContactPoint;GeoCircle;GeoCoordinates;ListItem;Organization;Place;PostalAddress;Service;WebPage;WebSite,27,1,
https://ridencare.co.in/contact,,Book Doorstep Bike Service in Bangalore | Ride N Care,"Book doorstep bike or car service in Bangalore in 60 seconds. Call 08296950339 or WhatsApp us — pickup, drop and on-the-spot repair.",Book doorstep bike & car service in Bangalore,189,https://ridencare.co.in/contact,AdministrativeArea;AutoRepair;City;ContactPoint;GeoCircle;GeoCoordinates;Organization;PostalAddress;WebPage;WebSite,25,1,
https://ridencare.co.in/doorstep-bike-repair,,"Doorstep Bike Repair Near Me, Bangalore | Ride N Care","Doorstep bike repair in Bangalore — a mechanic reaches your home or office, diagnoses free and repairs on the spot. Same-day slots. Call 08069409289.",Doorstep Bike Repair in Bangalore,629,https://ridencare.co.in/doorstep-bike-repair,AdministrativeArea;AutoRepair;BreadcrumbList;City;ContactPoint;GeoCircle;GeoCoordinates;ListItem;Organization;Place;PostalAddress;Service;WebPage;WebSite,38,1,
https://ridencare.co.in/doorstep-bike-repair/bellandur,,"Doorstep Bike Repair in Bellandur, Bangalore | Ride N Care","Doorstep Bike Repair near you in Bellandur, Bangalore at your doorstep. Certified mechanics, OEM parts, same-day slots, 7-day guarantee. Call 08296950339.","Doorstep Bike Repair in Bellandur , Bangalore",480,https://ridencare.co.in/doorstep-bike-repair/bellandur,AdministrativeArea;AutoRepair;BreadcrumbList;City;ContactPoint;GeoCircle;GeoCoordinates;ListItem;Organization;Place;PostalAddress;Service;WebPage;WebSite,36,1,
https://ridencare.co.in/doorstep-bike-repair/btm-layout,,"Doorstep Bike Repair in BTM Layout, Bangalore | Ride N Care","Doorstep Bike Repair near you in BTM Layout, Bangalore at your doorstep. Certified mechanics, OEM parts, same-day slots, 7-day guarantee. Call 08296950339.","Doorstep Bike Repair in BTM Layout , Bangalore",492,https://ridencare.co.in/doorstep-bike-repair/btm-layout,AdministrativeArea;AutoRepair;BreadcrumbList;City;ContactPoint;GeoCircle;GeoCoordinates;ListItem;Organization;Place;PostalAddress;Service;WebPage;WebSite,36,1,
https://ridencare.co.in/doorstep-bike-repair/electronic-city,,"Doorstep Bike Repair in Electronic City, Bangalore | Ride N Care","Doorstep Bike Repair near you in Electronic City, Bangalore at your doorstep. Certified mechanics, OEM parts, same-day slots, 7-day guarantee. Call 08296950339.","Doorstep Bike Repair in Electronic City , Bangalore",493,https://ridencare.co.in/doorstep-bike-repair/electronic-city,AdministrativeArea;AutoRepair;BreadcrumbList;City;ContactPoint;GeoCircle;GeoCoordinates;ListItem;Organization;Place;PostalAddress;Service;WebPage;WebSite,36,1,
https://ridencare.co.in/doorstep-bike-repair/hsr-layout,,"Doorstep Bike Repair in HSR Layout, Bangalore | Ride N Care","Doorstep Bike Repair near you in HSR Layout, Bangalore at your doorstep. Certified mechanics, OEM parts, same-day slots, 7-day guarantee. Call 08296950339.","Doorstep Bike Repair in HSR Layout , Bangalore",492,https://ridencare.co.in/doorstep-bike-repair/hsr-layout,AdministrativeArea;AutoRepair;BreadcrumbList;City;ContactPoint;GeoCircle;GeoCoordinates;ListItem;Organization;Place;PostalAddress;Service;WebPage;WebSite,36,1,
https://ridencare.co.in/doorstep-bike-repair/indiranagar,,"Doorstep Bike Repair in Indiranagar, Bangalore | Ride N Care","Doorstep Bike Repair near you in Indiranagar, Bangalore at your doorstep. Certified mechanics, OEM parts, same-day slots, 7-day guarantee. Call 08296950339.","Doorstep Bike Repair in Indiranagar , Bangalore",480,https://ridencare.co.in/doorstep-bike-repair/indiranagar,AdministrativeArea;AutoRepair;BreadcrumbList;City;ContactPoint;GeoCircle;GeoCoordinates;ListItem;Organization;Place;PostalAddress;Service;WebPage;WebSite,36,1,
https://ridencare.co.in/doorstep-bike-repair/jayanagar,,"Doorstep Bike Repair in Jayanagar, Bangalore | Ride N Care","Doorstep Bike Repair near you in Jayanagar, Bangalore at your doorstep. Certified mechanics, OEM parts, same-day slots, 7-day guarantee. Call 08296950339.","Doorstep Bike Repair in Jayanagar , Bangalore",481,https://ridencare.co.in/doorstep-bike-repair/jayanagar,AdministrativeArea;AutoRepair;BreadcrumbList;City;ContactPoint;GeoCircle;GeoCoordinates;ListItem;Organization;Place;PostalAddress;Service;WebPage;WebSite,36,1,
https://ridencare.co.in/doorstep-bike-repair/jp-nagar,,"Doorstep Bike Repair in JP Nagar, Bangalore | Ride N Care","Doorstep Bike Repair near you in JP Nagar, Bangalore at your doorstep. Certified mechanics, OEM parts, same-day slots, 7-day guarantee. Call 08296950339.","Doorstep Bike Repair in JP Nagar , Bangalore",493,https://ridencare.co.in/doorstep-bike-repair/jp-nagar,AdministrativeArea;AutoRepair;BreadcrumbList;City;ContactPoint;GeoCircle;GeoCoordinates;ListItem;Organization;Place;PostalAddress;Service;WebPage;WebSite,36,1,
https://ridencare.co.in/doorstep-bike-repair/koramangala,,"Doorstep Bike Repair in Koramangala, Bangalore | Ride N Care","Doorstep Bike Repair near you in Koramangala, Bangalore at your doorstep. Certified mechanics, OEM parts, same-day slots, 7-day guarantee. Call 08296950339.","Doorstep Bike Repair in Koramangala , Bangalore",482,https://ridencare.co.in/doorstep-bike-repair/koramangala,AdministrativeArea;AutoRepair;BreadcrumbList;City;ContactPoint;GeoCircle;GeoCoordinates;ListItem;Organization;Place;PostalAddress;Service;WebPage;WebSite,36,1,
https://ridencare.co.in/doorstep-bike-repair/kr-puram,,"Doorstep Bike Repair in KR Puram, Bangalore | Ride N Care","Doorstep Bike Repair near you in KR Puram, Bangalore at your doorstep. Certified mechanics, OEM parts, same-day slots, 7-day guarantee. Call 08296950339.","Doorstep Bike Repair in KR Puram , Bangalore",493,https://ridencare.co.in/doorstep-bike-repair/kr-puram,AdministrativeArea;AutoRepair;BreadcrumbList;City;ContactPoint;GeoCircle;GeoCoordinates;ListItem;Organization;Place;PostalAddress;Service;WebPage;WebSite,36,1,
https://ridencare.co.in/doorstep-bike-repair/marathahalli,,"Doorstep Bike Repair in Marathahalli, Bangalore | Ride N Care","Doorstep Bike Repair near you in Marathahalli, Bangalore at your doorstep. Certified mechanics, OEM parts, same-day slots, 7-day guarantee. Call 08296950339.","Doorstep Bike Repair in Marathahalli , Bangalore",479,https://ridencare.co.in/doorstep-bike-repair/marathahalli,AdministrativeArea;AutoRepair;BreadcrumbList;City;ContactPoint;GeoCircle;GeoCoordinates;ListItem;Organization;Place;PostalAddress;Service;WebPage;WebSite,36,1,
https://ridencare.co.in/doorstep-bike-repair/sarjapur-road,,"Doorstep Bike Repair in Sarjapur Road, Bangalore | Ride N Care","Doorstep Bike Repair near you in Sarjapur Road, Bangalore at your doorstep. Certified mechanics, OEM parts, same-day slots, 7-day guarantee. Call 08296950339.","Doorstep Bike Repair in Sarjapur Road , Bangalore",491,https://ridencare.co.in/doorstep-bike-repair/sarjapur-road,AdministrativeArea;AutoRepair;BreadcrumbList;City;ContactPoint;GeoCircle;GeoCoordinates;ListItem;Organization;Place;PostalAddress;Service;WebPage;WebSite,36,1,
https://ridencare.co.in/doorstep-bike-repair/whitefield,,"Doorstep Bike Repair in Whitefield, Bangalore | Ride N Care","Doorstep Bike Repair near you in Whitefield, Bangalore at your doorstep. Certified mechanics, OEM parts, same-day slots, 7-day guarantee. Call 08296950339.","Doorstep Bike Repair in Whitefield , Bangalore",478,https://ridencare.co.in/doorstep-bike-repair/whitefield,AdministrativeArea;AutoRepair;BreadcrumbList;City;ContactPoint;GeoCircle;GeoCoordinates;ListItem;Organization;Place;PostalAddress;Service;WebPage;WebSite,36,1,
https://ridencare.co.in/doorstep-bike-service,,"Doorstep Bike Service Near Me, Bangalore | Ride N Care","Doorstep bike service in Bangalore — mechanic at your home or office, OEM parts, live updates and cashless payment. Same-day slots. Call 08069409289.",Doorstep Bike Service in Bangalore,694,https://ridencare.co.in/doorstep-bike-service,AdministrativeArea;AutoRepair;BreadcrumbList;City;ContactPoint;GeoCircle;GeoCoordinates;ListItem;Offer;Organization;Place;PostalAddress;Service;WebPage;WebSite,39,1,
https://ridencare.co.in/doorstep-bike-service/bellandur,,"Doorstep Bike Service in Bellandur, Bangalore | Ride N Care","Doorstep Bike Service near you in Bellandur, Bangalore at your doorstep. Certified mechanics, OEM parts, same-day slots, 7-day guarantee. Call 08296950339.","Doorstep Bike Service in Bellandur , Bangalore",531,https://ridencare.co.in/doorstep-bike-service/bellandur,AdministrativeArea;AutoRepair;BreadcrumbList;City;ContactPoint;GeoCircle;GeoCoordinates;ListItem;Offer;Organization;Place;PostalAddress;Service;WebPage;WebSite,36,1,
https://ridencare.co.in/doorstep-bike-service/btm-layout,,"Doorstep Bike Service in BTM Layout, Bangalore | Ride N Care","Doorstep Bike Service near you in BTM Layout, Bangalore at your doorstep. Certified mechanics, OEM parts, same-day slots, 7-day guarantee. Call 08296950339.","Doorstep Bike Service in BTM Layout , Bangalore",544,https://ridencare.co.in/doorstep-bike-service/btm-layout,AdministrativeArea;AutoRepair;BreadcrumbList;City;ContactPoint;GeoCircle;GeoCoordinates;ListItem;Offer;Organization;Place;PostalAddress;Service;WebPage;WebSite,36,1,
https://ridencare.co.in/doorstep-bike-service/electronic-city,,"Doorstep Bike Service in Electronic City, Bangalore | Ride N Care","Doorstep Bike Service near you in Electronic City, Bangalore at your doorstep. Certified mechanics, OEM parts, same-day slots, 7-day guarantee. Call 08296950339.","Doorstep Bike Service in Electronic City , Bangalore",545,https://ridencare.co.in/doorstep-bike-service/electronic-city,AdministrativeArea;AutoRepair;BreadcrumbList;City;ContactPoint;GeoCircle;GeoCoordinates;ListItem;Offer;Organization;Place;PostalAddress;Service;WebPage;WebSite,36,1,
https://ridencare.co.in/doorstep-bike-service/hsr-layout,,"Doorstep Bike Service in HSR Layout, Bangalore | Ride N Care","Doorstep Bike Service near you in HSR Layout, Bangalore at your doorstep. Certified mechanics, OEM parts, same-day slots, 7-day guarantee. Call 08296950339.","Doorstep Bike Service in HSR Layout , Bangalore",544,https://ridencare.co.in/doorstep-bike-service/hsr-layout,AdministrativeArea;AutoRepair;BreadcrumbList;City;ContactPoint;GeoCircle;GeoCoordinates;ListItem;Offer;Organization;Place;PostalAddress;Service;WebPage;WebSite,36,1,
https://ridencare.co.in/doorstep-bike-service/indiranagar,,"Doorstep Bike Service in Indiranagar, Bangalore | Ride N Care","Doorstep Bike Service near you in Indiranagar, Bangalore at your doorstep. Certified mechanics, OEM parts, same-day slots, 7-day guarantee. Call 08296950339.","Doorstep Bike Service in Indiranagar , Bangalore",531,https://ridencare.co.in/doorstep-bike-service/indiranagar,AdministrativeArea;AutoRepair;BreadcrumbList;City;ContactPoint;GeoCircle;GeoCoordinates;ListItem;Offer;Organization;Place;PostalAddress;Service;WebPage;WebSite,36,1,
https://ridencare.co.in/doorstep-bike-service/jayanagar,,"Doorstep Bike Service in Jayanagar, Bangalore | Ride N Care","Doorstep Bike Service near you in Jayanagar, Bangalore at your doorstep. Certified mechanics, OEM parts, same-day slots, 7-day guarantee. Call 08296950339.","Doorstep Bike Service in Jayanagar , Bangalore",532,https://ridencare.co.in/doorstep-bike-service/jayanagar,AdministrativeArea;AutoRepair;BreadcrumbList;City;ContactPoint;GeoCircle;GeoCoordinates;ListItem;Offer;Organization;Place;PostalAddress;Service;WebPage;WebSite,36,1,
https://ridencare.co.in/doorstep-bike-service/jp-nagar,,"Doorstep Bike Service in JP Nagar, Bangalore | Ride N Care","Doorstep Bike Service near you in JP Nagar, Bangalore at your doorstep. Certified mechanics, OEM parts, same-day slots, 7-day guarantee. Call 08296950339.","Doorstep Bike Service in JP Nagar , Bangalore",545,https://ridencare.co.in/doorstep-bike-service/jp-nagar,AdministrativeArea;AutoRepair;BreadcrumbList;City;ContactPoint;GeoCircle;GeoCoordinates;ListItem;Offer;Organization;Place;PostalAddress;Service;WebPage;WebSite,36,1,
https://ridencare.co.in/doorstep-bike-service/koramangala,,"Doorstep Bike Service in Koramangala, Bangalore | Ride N Care","Doorstep Bike Service near you in Koramangala, Bangalore at your doorstep. Certified mechanics, OEM parts, same-day slots, 7-day guarantee. Call 08296950339.","Doorstep Bike Service in Koramangala , Bangalore",533,https://ridencare.co.in/doorstep-bike-service/koramangala,AdministrativeArea;AutoRepair;BreadcrumbList;City;ContactPoint;GeoCircle;GeoCoordinates;ListItem;Offer;Organization;Place;PostalAddress;Service;WebPage;WebSite,36,1,
https://ridencare.co.in/doorstep-bike-service/kr-puram,,"Doorstep Bike Service in KR Puram, Bangalore | Ride N Care","Doorstep Bike Service near you in KR Puram, Bangalore at your doorstep. Certified mechanics, OEM parts, same-day slots, 7-day guarantee. Call 08296950339.","Doorstep Bike Service in KR Puram , Bangalore",545,https://ridencare.co.in/doorstep-bike-service/kr-puram,AdministrativeArea;AutoRepair;BreadcrumbList;City;ContactPoint;GeoCircle;GeoCoordinates;ListItem;Offer;Organization;Place;PostalAddress;Service;WebPage;WebSite,36,1,
https://ridencare.co.in/doorstep-bike-service/marathahalli,,"Doorstep Bike Service in Marathahalli, Bangalore | Ride N Care","Doorstep Bike Service near you in Marathahalli, Bangalore at your doorstep. Certified mechanics, OEM parts, same-day slots, 7-day guarantee. Call 08296950339.","Doorstep Bike Service in Marathahalli , Bangalore",530,https://ridencare.co.in/doorstep-bike-service/marathahalli,AdministrativeArea;AutoRepair;BreadcrumbList;City;ContactPoint;GeoCircle;GeoCoordinates;ListItem;Offer;Organization;Place;PostalAddress;Service;WebPage;WebSite,36,1,
https://ridencare.co.in/doorstep-bike-service/sarjapur-road,,"Doorstep Bike Service in Sarjapur Road, Bangalore | Ride N Care","Doorstep Bike Service near you in Sarjapur Road, Bangalore at your doorstep. Certified mechanics, OEM parts, same-day slots, 7-day guarantee. Call 08296950339.","Doorstep Bike Service in Sarjapur Road , Bangalore",543,https://ridencare.co.in/doorstep-bike-service/sarjapur-road,AdministrativeArea;AutoRepair;BreadcrumbList;City;ContactPoint;GeoCircle;GeoCoordinates;ListItem;Offer;Organization;Place;PostalAddress;Service;WebPage;WebSite,36,1,
https://ridencare.co.in/doorstep-bike-service/whitefield,,"Doorstep Bike Service in Whitefield, Bangalore | Ride N Care","Doorstep Bike Service near you in Whitefield, Bangalore at your doorstep. Certified mechanics, OEM parts, same-day slots, 7-day guarantee. Call 08296950339.","Doorstep Bike Service in Whitefield , Bangalore",529,https://ridencare.co.in/doorstep-bike-service/whitefield,AdministrativeArea;AutoRepair;BreadcrumbList;City;ContactPoint;GeoCircle;GeoCoordinates;ListItem;Offer;Organization;Place;PostalAddress;Service;WebPage;WebSite,36,1,
https://ridencare.co.in/electrical-repair,,Bike Electrical Repair in Bangalore | Ride N Care,"Bike electrical repair in Bangalore — self-start failure, wiring faults, charging problems, lights and indicators fixed at your doorstep.",Bike Electrical Repair in Bangalore,480,https://ridencare.co.in/electrical-repair,AdministrativeArea;AutoRepair;BreadcrumbList;City;ContactPoint;GeoCircle;GeoCoordinates;ListItem;Organization;Place;PostalAddress;Service;WebPage;WebSite,27,1,
https://ridencare.co.in/emergency-bike-repair,,Emergency Bike Repair in Bangalore | Ride N Care,"Emergency bike repair in Bangalore — roadside mechanic for dead batteries, punctures and no-start problems. Fast response, 8 AM to 9 PM. Call 08069409289.",Emergency Bike Repair in Bangalore,566,https://ridencare.co.in/emergency-bike-repair,AdministrativeArea;AutoRepair;BreadcrumbList;City;ContactPoint;GeoCircle;GeoCoordinates;ListItem;Organization;Place;PostalAddress;Service;WebPage;WebSite,39,1,
https://ridencare.co.in/emergency-bike-repair/bellandur,,"Emergency Bike Repair in Bellandur, Bangalore | Ride N Care","Emergency Bike Repair near you in Bellandur, Bangalore at your doorstep. Certified mechanics, OEM parts, same-day slots, 7-day guarantee. Call 08296950339.","Emergency Bike Repair in Bellandur , Bangalore",449,https://ridencare.co.in/emergency-bike-repair/bellandur,AdministrativeArea;AutoRepair;BreadcrumbList;City;ContactPoint;GeoCircle;GeoCoordinates;ListItem;Organization;Place;PostalAddress;Service;WebPage;WebSite,35,1,
https://ridencare.co.in/emergency-bike-repair/btm-layout,,"Emergency Bike Repair in BTM Layout, Bangalore | Ride N Care","Emergency Bike Repair near you in BTM Layout, Bangalore at your doorstep. Certified mechanics, OEM parts, same-day slots, 7-day guarantee. Call 08296950339.","Emergency Bike Repair in BTM Layout , Bangalore",461,https://ridencare.co.in/emergency-bike-repair/btm-layout,AdministrativeArea;AutoRepair;BreadcrumbList;City;ContactPoint;GeoCircle;GeoCoordinates;ListItem;Organization;Place;PostalAddress;Service;WebPage;WebSite,35,1,
https://ridencare.co.in/emergency-bike-repair/electronic-city,,"Emergency Bike Repair in Electronic City, Bangalore | Ride N Care","Emergency Bike Repair near you in Electronic City, Bangalore at your doorstep. Certified mechanics, OEM parts, same-day slots, 7-day guarantee. Call 08296950339.","Emergency Bike Repair in Electronic City , Bangalore",462,https://ridencare.co.in/emergency-bike-repair/electronic-city,AdministrativeArea;AutoRepair;BreadcrumbList;City;ContactPoint;GeoCircle;GeoCoordinates;ListItem;Organization;Place;PostalAddress;Service;WebPage;WebSite,35,1,
https://ridencare.co.in/emergency-bike-repair/hsr-layout,,"Emergency Bike Repair in HSR Layout, Bangalore | Ride N Care","Emergency Bike Repair near you in HSR Layout, Bangalore at your doorstep. Certified mechanics, OEM parts, same-day slots, 7-day guarantee. Call 08296950339.","Emergency Bike Repair in HSR Layout , Bangalore",461,https://ridencare.co.in/emergency-bike-repair/hsr-layout,AdministrativeArea;AutoRepair;BreadcrumbList;City;ContactPoint;GeoCircle;GeoCoordinates;ListItem;Organization;Place;PostalAddress;Service;WebPage;WebSite,35,1,
https://ridencare.co.in/emergency-bike-repair/indiranagar,,"Emergency Bike Repair in Indiranagar, Bangalore | Ride N Care","Emergency Bike Repair near you in Indiranagar, Bangalore at your doorstep. Certified mechanics, OEM parts, same-day slots, 7-day guarantee. Call 08296950339.","Emergency Bike Repair in Indiranagar , Bangalore",449,https://ridencare.co.in/emergency-bike-repair/indiranagar,AdministrativeArea;AutoRepair;BreadcrumbList;City;ContactPoint;GeoCircle;GeoCoordinates;ListItem;Organization;Place;PostalAddress;Service;WebPage;WebSite,35,1,
https://ridencare.co.in/emergency-bike-repair/jayanagar,,"Emergency Bike Repair in Jayanagar, Bangalore | Ride N Care","Emergency Bike Repair near you in Jayanagar, Bangalore at your doorstep. Certified mechanics, OEM parts, same-day slots, 7-day guarantee. Call 08296950339.","Emergency Bike Repair in Jayanagar , Bangalore",450,https://ridencare.co.in/emergency-bike-repair/jayanagar,AdministrativeArea;AutoRepair;BreadcrumbList;City;ContactPoint;GeoCircle;GeoCoordinates;ListItem;Organization;Place;PostalAddress;Service;WebPage;WebSite,35,1,
https://ridencare.co.in/emergency-bike-repair/jp-nagar,,"Emergency Bike Repair in JP Nagar, Bangalore | Ride N Care","Emergency Bike Repair near you in JP Nagar, Bangalore at your doorstep. Certified mechanics, OEM parts, same-day slots, 7-day guarantee. Call 08296950339.","Emergency Bike Repair in JP Nagar , Bangalore",462,https://ridencare.co.in/emergency-bike-repair/jp-nagar,AdministrativeArea;AutoRepair;BreadcrumbList;City;ContactPoint;GeoCircle;GeoCoordinates;ListItem;Organization;Place;PostalAddress;Service;WebPage;WebSite,35,1,
https://ridencare.co.in/emergency-bike-repair/koramangala,,"Emergency Bike Repair in Koramangala, Bangalore | Ride N Care","Emergency Bike Repair near you in Koramangala, Bangalore at your doorstep. Certified mechanics, OEM parts, same-day slots, 7-day guarantee. Call 08296950339.","Emergency Bike Repair in Koramangala , Bangalore",451,https://ridencare.co.in/emergency-bike-repair/koramangala,AdministrativeArea;AutoRepair;BreadcrumbList;City;ContactPoint;GeoCircle;GeoCoordinates;ListItem;Organization;Place;PostalAddress;Service;WebPage;WebSite,35,1,
https://ridencare.co.in/emergency-bike-repair/kr-puram,,"Emergency Bike Repair in KR Puram, Bangalore | Ride N Care","Emergency Bike Repair near you in KR Puram, Bangalore at your doorstep. Certified mechanics, OEM parts, same-day slots, 7-day guarantee. Call 08296950339.","Emergency Bike Repair in KR Puram , Bangalore",462,https://ridencare.co.in/emergency-bike-repair/kr-puram,AdministrativeArea;AutoRepair;BreadcrumbList;City;ContactPoint;GeoCircle;GeoCoordinates;ListItem;Organization;Place;PostalAddress;Service;WebPage;WebSite,35,1,
https://ridencare.co.in/emergency-bike-repair/marathahalli,,"Emergency Bike Repair in Marathahalli, Bangalore | Ride N Care","Emergency Bike Repair near you in Marathahalli, Bangalore at your doorstep. Certified mechanics, OEM parts, same-day slots, 7-day guarantee. Call 08296950339.","Emergency Bike Repair in Marathahalli , Bangalore",448,https://ridencare.co.in/emergency-bike-repair/marathahalli,AdministrativeArea;AutoRepair;BreadcrumbList;City;ContactPoint;GeoCircle;GeoCoordinates;ListItem;Organization;Place;PostalAddress;Service;WebPage;WebSite,35,1,
https://ridencare.co.in/emergency-bike-repair/sarjapur-road,,"Emergency Bike Repair in Sarjapur Road, Bangalore | Ride N Care","Emergency Bike Repair near you in Sarjapur Road, Bangalore at your doorstep. Certified mechanics, OEM parts, same-day slots, 7-day guarantee. Call 08296950339.","Emergency Bike Repair in Sarjapur Road , Bangalore",460,https://ridencare.co.in/emergency-bike-repair/sarjapur-road,AdministrativeArea;AutoRepair;BreadcrumbList;City;ContactPoint;GeoCircle;GeoCoordinates;ListItem;Organization;Place;PostalAddress;Service;WebPage;WebSite,35,1,
https://ridencare.co.in/emergency-bike-repair/whitefield,,"Emergency Bike Repair in Whitefield, Bangalore | Ride N Care","Emergency Bike Repair near you in Whitefield, Bangalore at your doorstep. Certified mechanics, OEM parts, same-day slots, 7-day guarantee. Call 08296950339.","Emergency Bike Repair in Whitefield , Bangalore",447,https://ridencare.co.in/emergency-bike-repair/whitefield,AdministrativeArea;AutoRepair;BreadcrumbList;City;ContactPoint;GeoCircle;GeoCoordinates;ListItem;Organization;Place;PostalAddress;Service;WebPage;WebSite,35,1,
https://ridencare.co.in/engine-repair,,Bike Engine Repair in Bangalore | Ride N Care,"Bike engine repair in Bangalore — noise, smoke, overheating and power-loss diagnosis, top-end and full overhaul with OEM parts and written estimates.",Bike Engine Repair in Bangalore,511,https://ridencare.co.in/engine-repair,AdministrativeArea;AutoRepair;BreadcrumbList;City;ContactPoint;GeoCircle;GeoCoordinates;ListItem;Organization;Place;PostalAddress;Service;WebPage;WebSite,27,1,
https://ridencare.co.in/faq,,FAQ | Doorstep Bike Service Bangalore | Ride N Care,"Answers about doorstep bike & car service: timing, parts, payments, pickup & drop, warranty and more.",Frequently asked questions,653,https://ridencare.co.in/faq,AdministrativeArea;Answer;AutoRepair;City;ContactPoint;FAQPage;GeoCircle;GeoCoordinates;Organization;PostalAddress;Question;WebPage;WebSite,25,1,
https://ridencare.co.in/franchise,,Ride N Care Franchise — Doorstep Bike & Car Service Partnership,Bring the Ride N Care doorstep bike and car service model to your city. Enquire about a Ride N Care franchise — details shared directly on WhatsApp. Care in every mile.,Own a Ride N Care franchise in your city,814,https://ridencare.co.in/franchise,AdministrativeArea;AutoRepair;BreadcrumbList;City;ContactPoint;GeoCircle;GeoCoordinates;ListItem;Organization;PostalAddress;WebPage;WebSite,26,1,
https://ridencare.co.in/general-two-wheeler-repair,,Two Wheeler Repair in Bangalore | Ride N Care,"General two-wheeler repair in Bangalore — bikes, scooters and EVs. Suspension, tyres, cables, punctures and washing at your doorstep. Call 08069409289.",General Two-Wheeler Repair in Bangalore,483,https://ridencare.co.in/general-two-wheeler-repair,AdministrativeArea;AutoRepair;BreadcrumbList;City;ContactPoint;GeoCircle;GeoCoordinates;ListItem;Organization;Place;PostalAddress;Service;WebPage;WebSite,26,1,
https://ridencare.co.in/guides,,Bike Maintenance Guides for Bangalore | Ride N Care,"Free bike guides from Ride N Care: service intervals, maintenance checklists, common problems, breakdown troubleshooting and doorstep service explained.",Bike maintenance & service guides,569,https://ridencare.co.in/guides,AdministrativeArea;AutoRepair;BreadcrumbList;City;ContactPoint;GeoCircle;GeoCoordinates;ItemList;ListItem;Organization;PostalAddress;WebPage;WebSite,29,1,
https://ridencare.co.in/guides/bike-breakdown-troubleshooting-guide,,Bike Breakdown Troubleshooting Guide | Ride N Care Bangalore,"Roadside troubleshooting for bike breakdowns: what to check safely, which faults you can fix yourself, and when to call for emergency bike repair.",Bike Breakdown Troubleshooting Guide,806,https://ridencare.co.in/guides/bike-breakdown-troubleshooting-guide,AdministrativeArea;Answer;Article;AutoRepair;BreadcrumbList;City;ContactPoint;FAQPage;GeoCircle;GeoCoordinates;ListItem;Organization;PostalAddress;Question;WebPage;WebSite,27,1,
https://ridencare.co.in/guides/bike-service-guide-bangalore,,Bike Service Guide for Bangalore (2026) | Ride N Care,"Bike service guide for Bangalore riders: service intervals for city traffic, what a service includes, realistic costs and how doorstep service works.",Bike Service Guide for Bangalore,868,https://ridencare.co.in/guides/bike-service-guide-bangalore,AdministrativeArea;Answer;Article;AutoRepair;BreadcrumbList;City;ContactPoint;FAQPage;GeoCircle;GeoCoordinates;ListItem;Organization;PostalAddress;Question;WebPage;WebSite,28,1,
https://ridencare.co.in/guides/common-bike-problems-and-solutions,,Common Bike Problems and Solutions | Ride N Care Bangalore,"Common two-wheeler problems by symptom: bike not starting, poor pickup, high fuel use, noises, smoke and electrical faults, with causes and fixes.",Common Bike Problems and Solutions,823,https://ridencare.co.in/guides/common-bike-problems-and-solutions,AdministrativeArea;Answer;Article;AutoRepair;BreadcrumbList;City;ContactPoint;FAQPage;GeoCircle;GeoCoordinates;ListItem;Organization;PostalAddress;Question;WebPage;WebSite,27,1,
https://ridencare.co.in/guides/complete-bike-maintenance-guide,,Complete Bike Maintenance Guide | Ride N Care Bangalore,"Two-wheeler maintenance guide: weekly, monthly and yearly checks for chain, brakes, tyres, battery, oil and electricals for Indian city riding.",Complete Bike Maintenance Guide,729,https://ridencare.co.in/guides/complete-bike-maintenance-guide,AdministrativeArea;Answer;Article;AutoRepair;BreadcrumbList;City;ContactPoint;FAQPage;GeoCircle;GeoCoordinates;ListItem;Organization;PostalAddress;Question;WebPage;WebSite,30,1,
https://ridencare.co.in/guides/doorstep-bike-service-guide,,Doorstep Bike Service Guide | How It Works | Ride N Care,"How doorstep bike service works, what can and cannot be done at your address, how long it takes, what to prepare and how pricing and guarantees should work.",Doorstep Bike Service Guide,746,https://ridencare.co.in/guides/doorstep-bike-service-guide,AdministrativeArea;Answer;Article;AutoRepair;BreadcrumbList;City;ContactPoint;FAQPage;GeoCircle;GeoCoordinates;ListItem;Organization;PostalAddress;Question;WebPage;WebSite,27,1,
https://ridencare.co.in/guides/motorcycle-vs-scooter-maintenance,,Motorcycle vs Scooter Maintenance Guide | Ride N Care,"How maintenance differs for motorcycles and automatic scooters: transmission, brakes, tyres, oil intervals and cost, so you service each correctly.",Motorcycle vs Scooter Maintenance Guide,733,https://ridencare.co.in/guides/motorcycle-vs-scooter-maintenance,AdministrativeArea;Answer;Article;AutoRepair;BreadcrumbList;City;ContactPoint;FAQPage;GeoCircle;GeoCoordinates;ListItem;Organization;PostalAddress;Question;WebPage;WebSite,27,1,
https://ridencare.co.in/guides/when-to-service-your-bike,,When Should You Service Your Bike? | Ride N Care Bangalore,"When your bike needs a service: kilometre and time intervals, warning symptoms, and how city riding and monsoon change the schedule.",When Should You Service Your Bike?,656,https://ridencare.co.in/guides/when-to-service-your-bike,AdministrativeArea;Answer;Article;AutoRepair;BreadcrumbList;City;ContactPoint;FAQPage;GeoCircle;GeoCoordinates;ListItem;Organization;PostalAddress;Question;WebPage;WebSite,27,1,
https://ridencare.co.in/,,Doorstep Bike & Car Service in Bangalore | Ride N Care,"Trusted doorstep bike & car service in Bangalore. Book a verified mechanic in 60 seconds — OEM parts, written quote, 7-day guarantee. Care in every mile.",Trusted Bike & Car Service Doorstep Bike Car Repair in Bangalore,2026,https://ridencare.co.in/,AdministrativeArea;AggregateOffer;Answer;AutoRepair;City;ContactPoint;FAQPage;GeoCircle;GeoCoordinates;Organization;Place;PostalAddress;Question;Service;WebPage;WebSite,71,1,
https://ridencare.co.in/map,,Service Area Map — Ride N Care Bangalore,"Google Maps view of every Bangalore locality Ride N Care covers for doorstep bike & car service — with pincodes, zones and directions.",Ride N Care service area map,484,https://ridencare.co.in/map,AdministrativeArea;AutoRepair;BreadcrumbList;City;ContactPoint;GeoCircle;GeoCoordinates;ListItem;Organization;Place;PostalAddress;WebPage;WebSite,65,1,
https://ridencare.co.in/motorcycle-service,,Motorcycle Service in Bangalore | Ride N Care,"Motorcycle service in Bangalore for Royal Enfield, KTM, Yamaha, Kawasaki, Triumph and more. Doorstep service by trained mechanics with OEM-grade parts.",Motorcycle Service in Bangalore — Commuter to Superbike,596,https://ridencare.co.in/motorcycle-service,AdministrativeArea;AutoRepair;BreadcrumbList;City;ContactPoint;GeoCircle;GeoCoordinates;ListItem;Offer;Organization;Place;PostalAddress;Service;WebPage;WebSite,38,1,
https://ridencare.co.in/motorcycle-service/bellandur,,"Motorcycle Service in Bellandur, Bangalore | Ride N Care","Motorcycle Service near you in Bellandur, Bangalore at your doorstep. Certified mechanics, OEM parts, same-day slots, 7-day guarantee. Call 08296950339.","Motorcycle Service in Bellandur , Bangalore",458,https://ridencare.co.in/motorcycle-service/bellandur,AdministrativeArea;AutoRepair;BreadcrumbList;City;ContactPoint;GeoCircle;GeoCoordinates;ListItem;Offer;Organization;Place;PostalAddress;Service;WebPage;WebSite,36,1,
https://ridencare.co.in/motorcycle-service/btm-layout,,"Motorcycle Service in BTM Layout, Bangalore | Ride N Care","Motorcycle Service near you in BTM Layout, Bangalore at your doorstep. Certified mechanics, OEM parts, same-day slots, 7-day guarantee. Call 08296950339.","Motorcycle Service in BTM Layout , Bangalore",470,https://ridencare.co.in/motorcycle-service/btm-layout,AdministrativeArea;AutoRepair;BreadcrumbList;City;ContactPoint;GeoCircle;GeoCoordinates;ListItem;Offer;Organization;Place;PostalAddress;Service;WebPage;WebSite,36,1,
https://ridencare.co.in/motorcycle-service/electronic-city,,"Motorcycle Service in Electronic City, Bangalore | Ride N Care","Motorcycle Service near you in Electronic City, Bangalore at your doorstep. Certified mechanics, OEM parts, same-day slots, 7-day guarantee. Call 08296950339.","Motorcycle Service in Electronic City , Bangalore",471,https://ridencare.co.in/motorcycle-service/electronic-city,AdministrativeArea;AutoRepair;BreadcrumbList;City;ContactPoint;GeoCircle;GeoCoordinates;ListItem;Offer;Organization;Place;PostalAddress;Service;WebPage;WebSite,36,1,
https://ridencare.co.in/motorcycle-service/hsr-layout,,"Motorcycle Service in HSR Layout, Bangalore | Ride N Care","Motorcycle Service near you in HSR Layout, Bangalore at your doorstep. Certified mechanics, OEM parts, same-day slots, 7-day guarantee. Call 08296950339.","Motorcycle Service in HSR Layout , Bangalore",470,https://ridencare.co.in/motorcycle-service/hsr-layout,AdministrativeArea;AutoRepair;BreadcrumbList;City;ContactPoint;GeoCircle;GeoCoordinates;ListItem;Offer;Organization;Place;PostalAddress;Service;WebPage;WebSite,36,1,
https://ridencare.co.in/motorcycle-service/indiranagar,,"Motorcycle Service in Indiranagar, Bangalore | Ride N Care","Motorcycle Service near you in Indiranagar, Bangalore at your doorstep. Certified mechanics, OEM parts, same-day slots, 7-day guarantee. Call 08296950339.","Motorcycle Service in Indiranagar , Bangalore",458,https://ridencare.co.in/motorcycle-service/indiranagar,AdministrativeArea;AutoRepair;BreadcrumbList;City;ContactPoint;GeoCircle;GeoCoordinates;ListItem;Offer;Organization;Place;PostalAddress;Service;WebPage;WebSite,36,1,
https://ridencare.co.in/motorcycle-service/jayanagar,,"Motorcycle Service in Jayanagar, Bangalore | Ride N Care","Motorcycle Service near you in Jayanagar, Bangalore at your doorstep. Certified mechanics, OEM parts, same-day slots, 7-day guarantee. Call 08296950339.","Motorcycle Service in Jayanagar , Bangalore",459,https://ridencare.co.in/motorcycle-service/jayanagar,AdministrativeArea;AutoRepair;BreadcrumbList;City;ContactPoint;GeoCircle;GeoCoordinates;ListItem;Offer;Organization;Place;PostalAddress;Service;WebPage;WebSite,36,1,
https://ridencare.co.in/motorcycle-service/jp-nagar,,"Motorcycle Service in JP Nagar, Bangalore | Ride N Care","Motorcycle Service near you in JP Nagar, Bangalore at your doorstep. Certified mechanics, OEM parts, same-day slots, 7-day guarantee. Call 08296950339.","Motorcycle Service in JP Nagar , Bangalore",471,https://ridencare.co.in/motorcycle-service/jp-nagar,AdministrativeArea;AutoRepair;BreadcrumbList;City;ContactPoint;GeoCircle;GeoCoordinates;ListItem;Offer;Organization;Place;PostalAddress;Service;WebPage;WebSite,36,1,
https://ridencare.co.in/motorcycle-service/koramangala,,"Motorcycle Service in Koramangala, Bangalore | Ride N Care","Motorcycle Service near you in Koramangala, Bangalore at your doorstep. Certified mechanics, OEM parts, same-day slots, 7-day guarantee. Call 08296950339.","Motorcycle Service in Koramangala , Bangalore",460,https://ridencare.co.in/motorcycle-service/koramangala,AdministrativeArea;AutoRepair;BreadcrumbList;City;ContactPoint;GeoCircle;GeoCoordinates;ListItem;Offer;Organization;Place;PostalAddress;Service;WebPage;WebSite,36,1,
https://ridencare.co.in/motorcycle-service/kr-puram,,"Motorcycle Service in KR Puram, Bangalore | Ride N Care","Motorcycle Service near you in KR Puram, Bangalore at your doorstep. Certified mechanics, OEM parts, same-day slots, 7-day guarantee. Call 08296950339.","Motorcycle Service in KR Puram , Bangalore",471,https://ridencare.co.in/motorcycle-service/kr-puram,AdministrativeArea;AutoRepair;BreadcrumbList;City;ContactPoint;GeoCircle;GeoCoordinates;ListItem;Offer;Organization;Place;PostalAddress;Service;WebPage;WebSite,36,1,
https://ridencare.co.in/motorcycle-service/marathahalli,,"Motorcycle Service in Marathahalli, Bangalore | Ride N Care","Motorcycle Service near you in Marathahalli, Bangalore at your doorstep. Certified mechanics, OEM parts, same-day slots, 7-day guarantee. Call 08296950339.","Motorcycle Service in Marathahalli , Bangalore",457,https://ridencare.co.in/motorcycle-service/marathahalli,AdministrativeArea;AutoRepair;BreadcrumbList;City;ContactPoint;GeoCircle;GeoCoordinates;ListItem;Offer;Organization;Place;PostalAddress;Service;WebPage;WebSite,36,1,
https://ridencare.co.in/motorcycle-service/sarjapur-road,,"Motorcycle Service in Sarjapur Road, Bangalore | Ride N Care","Motorcycle Service near you in Sarjapur Road, Bangalore at your doorstep. Certified mechanics, OEM parts, same-day slots, 7-day guarantee. Call 08296950339.","Motorcycle Service in Sarjapur Road , Bangalore",469,https://ridencare.co.in/motorcycle-service/sarjapur-road,AdministrativeArea;AutoRepair;BreadcrumbList;City;ContactPoint;GeoCircle;GeoCoordinates;ListItem;Offer;Organization;Place;PostalAddress;Service;WebPage;WebSite,36,1,
https://ridencare.co.in/motorcycle-service/whitefield,,"Motorcycle Service in Whitefield, Bangalore | Ride N Care","Motorcycle Service near you in Whitefield, Bangalore at your doorstep. Certified mechanics, OEM parts, same-day slots, 7-day guarantee. Call 08296950339.","Motorcycle Service in Whitefield , Bangalore",456,https://ridencare.co.in/motorcycle-service/whitefield,AdministrativeArea;AutoRepair;BreadcrumbList;City;ContactPoint;GeoCircle;GeoCoordinates;ListItem;Offer;Organization;Place;PostalAddress;Service;WebPage;WebSite,36,1,
https://ridencare.co.in/periodic-bike-service,,Periodic Bike Service in Bangalore | Ride N Care,"Scheduled periodic bike service in Bangalore at your doorstep — oil, filters, brakes, chain and a 25-point inspection with service reminders.",Periodic Bike Service in Bangalore,545,https://ridencare.co.in/periodic-bike-service,AdministrativeArea;AutoRepair;BreadcrumbList;City;ContactPoint;GeoCircle;GeoCoordinates;ListItem;Offer;Organization;Place;PostalAddress;Service;WebPage;WebSite,26,1,
https://ridencare.co.in/scooter-service,,Scooter Service in Bangalore | Ride N Care,"Doorstep scooter service in Bangalore for Honda Activa, TVS Jupiter, Suzuki Access, Ather and Ola. CVT care, brakes and battery. Call 08069409289.",Scooter Service in Bangalore at Your Doorstep,644,https://ridencare.co.in/scooter-service,AdministrativeArea;AutoRepair;BreadcrumbList;City;ContactPoint;GeoCircle;GeoCoordinates;ListItem;Offer;Organization;Place;PostalAddress;Service;WebPage;WebSite,39,1,
https://ridencare.co.in/scooter-service/bellandur,,"Scooter Service in Bellandur, Bangalore | Ride N Care","Scooter Service near you in Bellandur, Bangalore at your doorstep. Certified mechanics, OEM parts, same-day slots, 7-day guarantee. Call 08296950339.","Scooter Service in Bellandur , Bangalore",482,https://ridencare.co.in/scooter-service/bellandur,AdministrativeArea;AutoRepair;BreadcrumbList;City;ContactPoint;GeoCircle;GeoCoordinates;ListItem;Offer;Organization;Place;PostalAddress;Service;WebPage;WebSite,35,1,
https://ridencare.co.in/scooter-service/btm-layout,,"Scooter Service in BTM Layout, Bangalore | Ride N Care","Scooter Service near you in BTM Layout, Bangalore at your doorstep. Certified mechanics, OEM parts, same-day slots, 7-day guarantee. Call 08296950339.","Scooter Service in BTM Layout , Bangalore",494,https://ridencare.co.in/scooter-service/btm-layout,AdministrativeArea;AutoRepair;BreadcrumbList;City;ContactPoint;GeoCircle;GeoCoordinates;ListItem;Offer;Organization;Place;PostalAddress;Service;WebPage;WebSite,35,1,
https://ridencare.co.in/scooter-service/electronic-city,,"Scooter Service in Electronic City, Bangalore | Ride N Care","Scooter Service near you in Electronic City, Bangalore at your doorstep. Certified mechanics, OEM parts, same-day slots, 7-day guarantee. Call 08296950339.","Scooter Service in Electronic City , Bangalore",495,https://ridencare.co.in/scooter-service/electronic-city,AdministrativeArea;AutoRepair;BreadcrumbList;City;ContactPoint;GeoCircle;GeoCoordinates;ListItem;Offer;Organization;Place;PostalAddress;Service;WebPage;WebSite,35,1,
https://ridencare.co.in/scooter-service/hsr-layout,,"Scooter Service in HSR Layout, Bangalore | Ride N Care","Scooter Service near you in HSR Layout, Bangalore at your doorstep. Certified mechanics, OEM parts, same-day slots, 7-day guarantee. Call 08296950339.","Scooter Service in HSR Layout , Bangalore",494,https://ridencare.co.in/scooter-service/hsr-layout,AdministrativeArea;AutoRepair;BreadcrumbList;City;ContactPoint;GeoCircle;GeoCoordinates;ListItem;Offer;Organization;Place;PostalAddress;Service;WebPage;WebSite,35,1,
https://ridencare.co.in/scooter-service/indiranagar,,"Scooter Service in Indiranagar, Bangalore | Ride N Care","Scooter Service near you in Indiranagar, Bangalore at your doorstep. Certified mechanics, OEM parts, same-day slots, 7-day guarantee. Call 08296950339.","Scooter Service in Indiranagar , Bangalore",482,https://ridencare.co.in/scooter-service/indiranagar,AdministrativeArea;AutoRepair;BreadcrumbList;City;ContactPoint;GeoCircle;GeoCoordinates;ListItem;Offer;Organization;Place;PostalAddress;Service;WebPage;WebSite,35,1,
https://ridencare.co.in/scooter-service/jayanagar,,"Scooter Service in Jayanagar, Bangalore | Ride N Care","Scooter Service near you in Jayanagar, Bangalore at your doorstep. Certified mechanics, OEM parts, same-day slots, 7-day guarantee. Call 08296950339.","Scooter Service in Jayanagar , Bangalore",483,https://ridencare.co.in/scooter-service/jayanagar,AdministrativeArea;AutoRepair;BreadcrumbList;City;ContactPoint;GeoCircle;GeoCoordinates;ListItem;Offer;Organization;Place;PostalAddress;Service;WebPage;WebSite,35,1,
https://ridencare.co.in/scooter-service/jp-nagar,,"Scooter Service in JP Nagar, Bangalore | Ride N Care","Scooter Service near you in JP Nagar, Bangalore at your doorstep. Certified mechanics, OEM parts, same-day slots, 7-day guarantee. Call 08296950339.","Scooter Service in JP Nagar , Bangalore",495,https://ridencare.co.in/scooter-service/jp-nagar,AdministrativeArea;AutoRepair;BreadcrumbList;City;ContactPoint;GeoCircle;GeoCoordinates;ListItem;Offer;Organization;Place;PostalAddress;Service;WebPage;WebSite,35,1,
https://ridencare.co.in/scooter-service/koramangala,,"Scooter Service in Koramangala, Bangalore | Ride N Care","Scooter Service near you in Koramangala, Bangalore at your doorstep. Certified mechanics, OEM parts, same-day slots, 7-day guarantee. Call 08296950339.","Scooter Service in Koramangala , Bangalore",484,https://ridencare.co.in/scooter-service/koramangala,AdministrativeArea;AutoRepair;BreadcrumbList;City;ContactPoint;GeoCircle;GeoCoordinates;ListItem;Offer;Organization;Place;PostalAddress;Service;WebPage;WebSite,35,1,
https://ridencare.co.in/scooter-service/kr-puram,,"Scooter Service in KR Puram, Bangalore | Ride N Care","Scooter Service near you in KR Puram, Bangalore at your doorstep. Certified mechanics, OEM parts, same-day slots, 7-day guarantee. Call 08296950339.","Scooter Service in KR Puram , Bangalore",495,https://ridencare.co.in/scooter-service/kr-puram,AdministrativeArea;AutoRepair;BreadcrumbList;City;ContactPoint;GeoCircle;GeoCoordinates;ListItem;Offer;Organization;Place;PostalAddress;Service;WebPage;WebSite,35,1,
https://ridencare.co.in/scooter-service/marathahalli,,"Scooter Service in Marathahalli, Bangalore | Ride N Care","Scooter Service near you in Marathahalli, Bangalore at your doorstep. Certified mechanics, OEM parts, same-day slots, 7-day guarantee. Call 08296950339.","Scooter Service in Marathahalli , Bangalore",481,https://ridencare.co.in/scooter-service/marathahalli,AdministrativeArea;AutoRepair;BreadcrumbList;City;ContactPoint;GeoCircle;GeoCoordinates;ListItem;Offer;Organization;Place;PostalAddress;Service;WebPage;WebSite,35,1,
https://ridencare.co.in/scooter-service/sarjapur-road,,"Scooter Service in Sarjapur Road, Bangalore | Ride N Care","Scooter Service near you in Sarjapur Road, Bangalore at your doorstep. Certified mechanics, OEM parts, same-day slots, 7-day guarantee. Call 08296950339.","Scooter Service in Sarjapur Road , Bangalore",493,https://ridencare.co.in/scooter-service/sarjapur-road,AdministrativeArea;AutoRepair;BreadcrumbList;City;ContactPoint;GeoCircle;GeoCoordinates;ListItem;Offer;Organization;Place;PostalAddress;Service;WebPage;WebSite,35,1,
https://ridencare.co.in/scooter-service/whitefield,,"Scooter Service in Whitefield, Bangalore | Ride N Care","Scooter Service near you in Whitefield, Bangalore at your doorstep. Certified mechanics, OEM parts, same-day slots, 7-day guarantee. Call 08296950339.","Scooter Service in Whitefield , Bangalore",480,https://ridencare.co.in/scooter-service/whitefield,AdministrativeArea;AutoRepair;BreadcrumbList;City;ContactPoint;GeoCircle;GeoCoordinates;ListItem;Offer;Organization;Place;PostalAddress;Service;WebPage;WebSite,35,1,
